run_id,timestamp,datetime,switch_id,port_no,throughput_mbps,packet_loss_rate,latency_ms,jitter_ms,rx_bytes,tx_bytes,rx_packets,tx_packets,rx_dropped,tx_dropped,label
run_20260506_000111,1778022073.2566626,00:01:13,5,1,0.000381,0.0,6.251,0.5871,98,196,1,2,0,0,NORMAL
run_20260506_000111,1778022073.2578537,00:01:13,2,1,0.000762,0.0,5.814,0.3105,1078,980,11,10,0,0,NORMAL
run_20260506_000111,1778022073.259137,00:01:13,3,1,0.000381,0.0,6.677,0.5458,0,196,0,2,0,0,NORMAL
run_20260506_000111,1778022073.2600622,00:01:13,1,4,0.00038,0.0,5.236,0.4015,98,196,1,2,0,0,NORMAL
run_20260506_000111,1778022073.2600622,00:01:13,1,1,0.000761,0.0,5.236,0.4015,980,980,10,10,0,0,NORMAL
run_20260506_000111,1778022073.2600622,00:01:13,1,2,0.00038,0.0,5.236,0.4015,0,196,0,2,0,0,NORMAL
run_20260506_000111,1778022073.2600622,00:01:13,1,3,0.000761,0.0,5.236,0.4015,882,980,9,10,0,0,NORMAL
run_20260506_000111,1778022073.2612002,00:01:13,4,1,0.000761,0.0,7.198,0.5437,882,980,9,10,0,0,NORMAL
run_20260506_000111,1778022075.3223937,00:01:15,3,1,0.0,0.0,6.344,0.5325,0,196,0,2,0,0,NORMAL
run_20260506_000111,1778022075.3238285,00:01:15,1,4,0.00114,0.0,7.483,0.5168,392,490,4,5,0,0,NORMAL
run_20260506_000111,1778022075.3238285,00:01:15,1,1,0.00114,0.0,7.483,0.5168,1274,1274,13,13,0,0,NORMAL
run_20260506_000111,1778022075.3238285,00:01:15,1,2,0.0,0.0,7.483,0.5168,0,196,0,2,0,0,NORMAL
run_20260506_000111,1778022075.3238285,00:01:15,1,3,0.0,0.0,7.483,0.5168,882,980,9,10,0,0,NORMAL
run_20260506_000111,1778022075.3249028,00:01:15,2,1,0.001138,0.0,5.293,0.3237,1470,1274,15,13,0,0,NORMAL
run_20260506_000111,1778022075.3254747,00:01:15,4,1,0.0,0.0,8.667,0.6015,882,980,9,10,0,0,NORMAL
run_20260506_000111,1778022075.3259325,00:01:15,5,1,0.001137,0.0,4.11,0.6842,392,490,4,5,0,0,NORMAL
run_20260506_000111,1778022077.3833058,00:01:17,4,1,0.0,0.0,7.182,0.6567,882,980,9,10,0,0,NORMAL
run_20260506_000111,1778022077.3846717,00:01:17,1,4,0.001522,0.0,6.027,0.5755,784,882,8,9,0,0,NORMAL
run_20260506_000111,1778022077.3846717,00:01:17,1,1,0.001522,0.0,6.027,0.5755,1666,1666,17,17,0,0,NORMAL
run_20260506_000111,1778022077.3846717,00:01:17,1,2,0.0,0.0,6.027,0.5755,0,196,0,2,0,0,NORMAL
run_20260506_000111,1778022077.3846717,00:01:17,1,3,0.0,0.0,6.027,0.5755,882,980,9,10,0,0,NORMAL
run_20260506_000111,1778022077.3857586,00:01:17,2,1,0.001522,0.0,6.725,0.393,1862,1666,19,17,0,0,NORMAL
run_20260506_000111,1778022077.3878577,00:01:17,3,1,0.0,0.0,4.942,0.5868,0,196,0,2,0,0,NORMAL
run_20260506_000111,1778022077.388222,00:01:17,5,1,0.001521,0.0,7.544,0.8561,784,882,8,9,0,0,NORMAL
run_20260506_000111,1778022079.4471254,00:01:19,3,1,0.000381,0.0,8.603,0.7789,98,294,1,3,0,0,NORMAL
run_20260506_000111,1778022079.4483762,00:01:19,1,4,0.00038,0.0,6.024,0.5397,882,980,9,10,0,0,NORMAL
run_20260506_000111,1778022079.4483762,00:01:19,1,1,0.00038,0.0,6.024,0.5397,1764,1764,18,18,0,0,NORMAL
run_20260506_000111,1778022079.4483762,00:01:19,1,2,0.00038,0.0,6.024,0.5397,98,294,1,3,0,0,NORMAL
run_20260506_000111,1778022079.4483762,00:01:19,1,3,0.00038,0.0,6.024,0.5397,980,1078,10,11,0,0,NORMAL
run_20260506_000111,1778022079.4494183,00:01:19,5,1,0.00038,0.0,8.963,0.8913,882,980,9,10,0,0,NORMAL
run_20260506_000111,1778022079.4499004,00:01:19,4,1,0.000379,0.0,4.92,0.7571,980,1078,10,11,0,0,NORMAL
run_20260506_000111,1778022079.450354,00:01:19,2,1,0.00038,0.0,8.237,0.463,1960,1764,20,18,0,0,NORMAL
run_20260506_000111,1778022081.5127938,00:01:21,5,1,0.0,0.0,5.797,1.0334,882,980,9,10,0,0,NORMAL
run_20260506_000111,1778022081.514191,00:01:21,2,1,0.0,0.0,6.716,0.5292,1960,1764,20,18,0,0,NORMAL
run_20260506_000111,1778022081.515477,00:01:21,1,4,0.0,0.0,5.201,0.5574,882,980,9,10,0,0,NORMAL
run_20260506_000111,1778022081.515477,00:01:21,1,1,0.0,0.0,5.201,0.5574,1764,1764,18,18,0,0,NORMAL
run_20260506_000111,1778022081.515477,00:01:21,1,2,0.001896,0.0,5.201,0.5574,588,784,6,8,0,0,NORMAL
run_20260506_000111,1778022081.515477,00:01:21,1,3,0.001896,0.0,5.201,0.5574,1470,1568,15,16,0,0,NORMAL
run_20260506_000111,1778022081.516081,00:01:21,3,1,0.001895,0.0,4.097,1.0118,588,784,6,8,0,0,NORMAL
run_20260506_000111,1778022081.516528,00:01:21,4,1,0.001897,0.0,6.25,0.7929,1470,1568,15,16,0,0,NORMAL
run_20260506_000111,1778022083.5729818,00:01:23,3,1,0.001525,0.0,9.011,1.2557,980,1176,10,12,0,0,NORMAL
run_20260506_000111,1778022083.5741553,00:01:23,1,4,0.0,0.0,8.56,0.7326,882,980,9,10,0,0,NORMAL
run_20260506_000111,1778022083.5741553,00:01:23,1,1,0.0,0.0,8.56,0.7326,1764,1764,18,18,0,0,NORMAL
run_20260506_000111,1778022083.5741553,00:01:23,1,2,0.001523,0.0,8.56,0.7326,980,1176,10,12,0,0,NORMAL
run_20260506_000111,1778022083.5741553,00:01:23,1,3,0.001523,0.0,8.56,0.7326,1862,1960,19,20,0,0,NORMAL
run_20260506_000111,1778022083.5753396,00:01:23,4,1,0.001523,0.0,9.579,0.9514,1862,1960,19,20,0,0,NORMAL
run_20260506_000111,1778022083.576376,00:01:23,5,1,0.0,0.0,6.389,1.0058,882,980,9,10,0,0,NORMAL
run_20260506_000111,1778022083.5773926,00:01:23,2,1,0.0,0.0,7.807,0.5643,1960,1764,20,18,0,0,NORMAL
run_20260506_000111,1778022085.6354141,00:01:25,5,1,0.000762,0.0,7.806,1.0315,1078,1176,11,12,0,0,NORMAL
run_20260506_000111,1778022085.6365473,00:01:25,1,4,0.00076,0.0,5.739,0.8631,1078,1176,11,12,0,0,NORMAL
run_20260506_000111,1778022085.6365473,00:01:25,1,1,0.0,0.0,5.739,0.8631,1764,1764,18,18,0,0,NORMAL
run_20260506_000111,1778022085.6365473,00:01:25,1,2,0.00076,0.0,5.739,0.8631,1274,1372,13,14,0,0,NORMAL
run_20260506_000111,1778022085.6365473,00:01:25,1,3,0.0,0.0,5.739,0.8631,1862,1960,19,20,0,0,NORMAL
run_20260506_000111,1778022085.6376033,00:01:25,4,1,0.0,0.0,6.779,1.0669,1862,1960,19,20,0,0,NORMAL
run_20260506_000111,1778022085.638157,00:01:25,2,1,0.0,0.0,8.892,0.5969,1960,1764,20,18,0,0,NORMAL
run_20260506_000111,1778022085.6385906,00:01:25,3,1,0.000759,0.0,4.544,1.4565,1274,1372,13,14,0,0,NORMAL
run_20260506_000111,1778022087.69881,00:01:27,2,1,0.0,0.0,6.201,0.7278,1960,1764,20,18,0,0,NORMAL
run_20260506_000111,1778022087.7002506,00:01:27,3,1,0.000761,0.0,6.552,1.491,1666,1568,17,16,0,0,NORMAL
run_20260506_000111,1778022087.7011275,00:01:27,1,4,0.000759,0.0,5.089,0.8498,1274,1372,13,14,0,0,NORMAL
run_20260506_000111,1778022087.7011275,00:01:27,1,1,0.0,0.0,5.089,0.8498,1764,1764,18,18,0,0,NORMAL
run_20260506_000111,1778022087.7011275,00:01:27,1,2,0.000759,0.0,5.089,0.8498,1470,1568,15,16,0,0,NORMAL
run_20260506_000111,1778022087.7011275,00:01:27,1,3,0.0,0.0,5.089,0.8498,1862,1960,19,20,0,0,NORMAL
run_20260506_000111,1778022087.7018125,00:01:27,5,1,0.000759,0.0,4.021,1.2036,1274,1372,13,14,0,0,NORMAL
run_20260506_000111,1778022087.7022097,00:01:27,4,1,0.0,0.0,5.768,1.0634,1862,1960,19,20,0,0,NORMAL
run_20260506_000111,1778022089.758668,00:01:29,2,1,0.0,0.0,5.13,0.7492,1960,1764,20,18,0,0,NORMAL
run_20260506_000111,1778022089.760204,00:01:29,3,1,0.0,0.0,6.017,1.4312,1960,1568,20,16,0,0,NORMAL
run_20260506_000111,1778022089.761302,00:01:29,1,4,0.000761,0.0,6.829,0.9055,1470,1568,15,16,0,0,NORMAL
run_20260506_000111,1778022089.761302,00:01:29,1,1,0.0,0.0,6.829,0.9055,1764,1764,18,18,0,0,NORMAL
run_20260506_000111,1778022089.761302,00:01:29,1,2,0.0,0.0,6.829,0.9055,1764,1568,18,16,0,0,NORMAL
run_20260506_000111,1778022089.761302,00:01:29,1,3,0.0,0.0,6.829,0.9055,1862,1960,19,20,0,0,NORMAL
run_20260506_000111,1778022089.7623467,00:01:29,5,1,0.000761,0.0,7.224,1.3286,1470,1568,15,16,0,0,NORMAL
run_20260506_000111,1778022089.7632365,00:01:29,4,1,0.0,0.0,7.676,1.1162,1862,1960,19,20,0,0,NORMAL
run_20260506_000111,1778022091.8235044,00:01:31,4,1,0.000381,0.0,8.405,1.092,1862,2058,19,21,0,0,NORMAL
run_20260506_000111,1778022091.8251626,00:01:31,3,1,0.00038,0.0,5.67,1.3634,1960,1666,20,17,0,0,NORMAL
run_20260506_000111,1778022091.8263576,00:01:31,1,4,0.00038,0.0,6.738,0.8545,1470,1666,15,17,0,0,NORMAL
run_20260506_000111,1778022091.8263576,00:01:31,1,1,0.001139,0.0,6.738,0.8545,2058,2058,21,21,0,0,NORMAL
run_20260506_000111,1778022091.8263576,00:01:31,1,2,0.00038,0.0,6.738,0.8545,1764,1666,18,17,0,0,NORMAL
run_20260506_000111,1778022091.8263576,00:01:31,1,3,0.001139,0.0,6.738,0.8545,2156,2254,22,23,0,0,NORMAL
run_20260506_000111,1778022091.8278844,00:01:31,5,1,0.00038,0.0,7.54,1.2653,1470,1666,15,17,0,0,NORMAL
run_20260506_000111,1778022091.8290749,00:01:31,2,1,0.000379,0.0,4.541,0.7392,1960,1862,20,19,0,0,NORMAL
run_20260506_000111,1778022093.8858142,00:01:33,4,1,0.0,0.0,5.751,1.1897,1862,2058,19,21,0,0,NORMAL
run_20260506_000111,1778022093.887324,00:01:33,2,1,0.0,0.0,11.152,1.1062,1960,1862,20,19,0,0,NORMAL
run_20260506_000111,1778022093.8883312,00:01:33,1,4,0.0,0.0,8.478,0.9098,1470,1666,15,17,0,0,NORMAL
run_20260506_000111,1778022093.8883312,00:01:33,1,1,0.001521,0.0,8.478,0.9098,2450,2450,25,25,0,0,NORMAL
run_20260506_000111,1778022093.8883312,00:01:33,1,2,0.0,0.0,8.478,0.9098,1764,1666,18,17,0,0,NORMAL
run_20260506_000111,1778022093.8883312,00:01:33,1,3,0.001521,0.0,8.478,0.9098,2548,2646,26,27,0,0,NORMAL
run_20260506_000111,1778022093.8887677,00:01:33,5,1,0.0,0.0,9.705,1.3215,1470,1666,15,17,0,0,NORMAL
run_20260506_000111,1778022093.889117,00:01:33,3,1,0.0,0.0,6.924,1.3566,1960,1666,20,17,0,0,NORMAL
run_20260506_000111,1778022095.9524014,00:01:35,3,1,0.0,0.0,6.86,1.2759,1960,1666,20,17,0,0,NORMAL
run_20260506_000111,1778022095.9535258,00:01:35,2,1,0.0,0.0,5.615,1.3831,1960,1862,20,19,0,0,NORMAL
run_20260506_000111,1778022095.9546046,00:01:35,1,4,0.0,0.0,6.162,0.9977,1470,1666,15,17,0,0,NORMAL
run_20260506_000111,1778022095.9546046,00:01:35,1,1,0.001138,0.0,6.162,0.9977,2744,2744,28,28,0,0,NORMAL
run_20260506_000111,1778022095.9546046,00:01:35,1,2,0.0,0.0,6.162,0.9977,1764,1666,18,17,0,0,NORMAL
run_20260506_000111,1778022095.9546046,00:01:35,1,3,0.001138,0.0,6.162,0.9977,2842,2940,29,30,0,0,NORMAL
run_20260506_000111,1778022095.9552708,00:01:35,5,1,0.0,0.0,6.51,1.4386,1470,1666,15,17,0,0,NORMAL
run_20260506_000111,1778022095.9556286,00:01:35,4,1,0.0,0.0,4.375,1.2013,1862,2058,19,21,0,0,NORMAL
run_20260506_000111,1778022098.0107043,00:01:38,5,1,0.000381,0.0,8.37,1.4649,1470,1764,15,18,0,0,NORMAL
run_20260506_000111,1778022098.0120778,00:01:38,1,4,0.001524,0.0,8.011,1.0509,1862,2058,19,21,0,0,NORMAL
run_20260506_000111,1778022098.0120778,00:01:38,1,1,0.001524,0.0,8.011,1.0509,3136,3136,32,32,0,0,NORMAL
run_20260506_000111,1778022098.0120778,00:01:38,1,2,0.000381,0.0,8.011,1.0509,1764,1764,18,18,0,0,NORMAL
run_20260506_000111,1778022098.0120778,00:01:38,1,3,0.0,0.0,8.011,1.0509,2842,2940,29,30,0,0,NORMAL
run_20260506_000111,1778022098.0132518,00:01:38,3,1,0.00038,0.0,6.131,1.2416,1960,1764,20,18,0,0,NORMAL
run_20260506_000111,1778022098.0138273,00:01:38,2,1,0.000381,0.0,7.211,1.3964,1960,1960,20,20,0,0,NORMAL
run_20260506_000111,1778022098.0143232,00:01:38,4,1,0.0,0.0,8.818,1.4039,1862,2058,19,21,0,0,NORMAL
run_20260506_000111,1778022100.0732462,00:01:40,4,1,0.0,0.0,7.083,1.4246,1862,2058,19,21,0,0,NORMAL
run_20260506_000111,1778022100.0746517,00:01:40,1,4,0.00152,0.0,5.42,1.1471,2254,2450,23,25,0,0,NORMAL
run_20260506_000111,1778022100.0746517,00:01:40,1,1,0.00152,0.0,5.42,1.1471,3528,3528,36,36,0,0,NORMAL
run_20260506_000111,1778022100.0746517,00:01:40,1,2,0.0,0.0,5.42,1.1471,1764,1764,18,18,0,0,NORMAL
run_20260506_000111,1778022100.0746517,00:01:40,1,3,0.0,0.0,5.42,1.1471,2842,2940,29,30,0,0,NORMAL
run_20260506_000111,1778022100.0757477,00:01:40,5,1,0.0,0.0,4.166,1.6361,1470,1764,15,18,0,0,NORMAL
run_20260506_000111,1778022100.076116,00:01:40,2,1,0.0,0.0,6.634,1.3452,1960,1960,20,20,0,0,NORMAL
run_20260506_000111,1778022100.0765736,00:01:40,3,1,0.0,0.0,6.116,1.165,1960,1764,20,18,0,0,NORMAL
run_20260506_000111,1778022102.1347458,00:01:42,4,1,0.000761,0.0,5.153,1.4562,1862,2254,19,23,0,0,NORMAL
run_20260506_000111,1778022102.1362948,00:01:42,5,1,0.001902,0.0,6.739,1.6946,2058,2254,21,23,0,0,NORMAL
run_20260506_000111,1778022102.1372623,00:01:42,3,1,0.000761,0.0,7.565,1.1827,1960,1960,20,20,0,0,NORMAL
run_20260506_000111,1778022102.138161,00:01:42,1,4,0.00228,0.0,6.256,1.1276,2940,3038,30,31,0,0,NORMAL
run_20260506_000111,1778022102.138161,00:01:42,1,1,0.00228,0.0,6.256,1.1276,4018,4116,41,42,0,0,NORMAL
run_20260506_000111,1778022102.138161,00:01:42,1,2,0.00076,0.0,6.256,1.1276,1764,1960,18,20,0,0,NORMAL
run_20260506_000111,1778022102.138161,00:01:42,1,3,0.00076,0.0,6.256,1.1276,2940,3136,30,32,0,0,NORMAL
run_20260506_000111,1778022102.1394663,00:01:42,2,1,0.00114,0.0,7.197,1.2963,2058,2254,21,23,0,0,NORMAL
run_20260506_000111,1778022104.1985712,00:01:44,2,1,0.0,0.0,10.027,1.3921,2058,2254,21,23,0,0,NORMAL
run_20260506_000111,1778022104.2000134,00:01:44,1,4,0.0,0.0,9.126,1.2366,2940,3038,30,31,0,0,NORMAL
run_20260506_000111,1778022104.2000134,00:01:44,1,1,0.0,0.0,9.126,1.2366,4018,4116,41,42,0,0,NORMAL
run_20260506_000111,1778022104.2000134,00:01:44,1,2,0.0,0.0,9.126,1.2366,1764,1960,18,20,0,0,NORMAL
run_20260506_000111,1778022104.2000134,00:01:44,1,3,0.0,0.0,9.126,1.2366,2940,3136,30,32,0,0,NORMAL
run_20260506_000111,1778022104.201035,00:01:44,5,1,0.0,0.0,7.03,1.6069,2058,2254,21,23,0,0,NORMAL
run_20260506_000111,1778022104.2013884,00:01:44,3,1,0.0,0.0,7.626,1.1126,1960,1960,20,20,0,0,NORMAL
run_20260506_000111,1778022104.2017422,00:01:44,4,1,0.0,0.0,5.908,1.4124,1862,2254,19,23,0,0,NORMAL
run_20260506_000111,1778022106.2629483,00:01:46,5,1,0.00038,0.0,6.88,1.5158,2254,2352,23,24,0,0,NORMAL
run_20260506_000111,1778022106.2641447,00:01:46,2,1,0.00038,0.0,5.373,1.596,2058,2352,21,24,0,0,NORMAL
run_20260506_000111,1778022106.2651443,00:01:46,4,1,0.00038,0.0,7.685,1.4352,1862,2352,19,24,0,0,NORMAL
run_20260506_000111,1778022106.2657104,00:01:46,3,1,0.00038,0.0,7.233,1.0676,1960,2058,20,21,0,0,NORMAL
run_20260506_000111,1778022106.2660627,00:01:46,1,4,0.000379,0.0,6.415,1.3288,3136,3136,32,32,0,0,NORMAL
run_20260506_000111,1778022106.2660627,00:01:46,1,1,0.000379,0.0,6.415,1.3288,4018,4214,41,43,0,0,NORMAL
run_20260506_000111,1778022106.2660627,00:01:46,1,2,0.000379,0.0,6.415,1.3288,1862,2058,19,21,0,0,NORMAL
run_20260506_000111,1778022106.2660627,00:01:46,1,3,0.000759,0.0,6.415,1.3288,3038,3332,31,34,0,0,NORMAL
run_20260506_000111,1778022108.3269749,00:01:48,2,1,0.0,0.0,5.33,1.4989,2058,2352,21,24,0,0,NORMAL
run_20260506_000111,1778022108.3286521,00:01:48,5,1,0.000759,0.0,4.323,1.5809,2450,2548,25,26,0,0,NORMAL
run_20260506_000111,1778022108.3294907,00:01:48,3,1,0.0,0.0,6.359,1.0556,1960,2058,20,21,0,0,NORMAL
run_20260506_000111,1778022108.3299751,00:01:48,4,1,0.000759,0.0,6.008,1.4503,1960,2548,20,26,0,0,NORMAL
run_20260506_000111,1778022108.330422,00:01:48,1,4,0.00076,0.0,6.802,1.2699,3332,3332,34,34,0,0,NORMAL
run_20260506_000111,1778022108.330422,00:01:48,1,1,0.0,0.0,6.802,1.2699,4018,4214,41,43,0,0,NORMAL
run_20260506_000111,1778022108.330422,00:01:48,1,2,0.0,0.0,6.802,1.2699,1862,2058,19,21,0,0,NORMAL
run_20260506_000111,1778022108.330422,00:01:48,1,3,0.00076,0.0,6.802,1.2699,3332,3528,34,36,0,0,NORMAL
run_20260506_000111,1778022110.3944228,00:01:50,5,1,0.0,0.0,7.694,1.6927,2450,2548,25,26,0,0,NORMAL
run_20260506_000111,1778022110.3959064,00:01:50,4,1,0.0,0.0,8.748,1.5308,1960,2548,20,26,0,0,NORMAL
run_20260506_000111,1778022110.3969917,00:01:50,2,1,0.0,0.0,6.843,1.4998,2058,2352,21,24,0,0,NORMAL
run_20260506_000111,1778022110.397626,00:01:50,1,4,0.0,0.0,9.211,1.3411,3332,3332,34,34,0,0,NORMAL
run_20260506_000111,1778022110.397626,00:01:50,1,1,0.0,0.0,9.211,1.3411,4018,4214,41,43,0,0,NORMAL
run_20260506_000111,1778022110.397626,00:01:50,1,2,0.0,0.0,9.211,1.3411,1862,2058,19,21,0,0,NORMAL
run_20260506_000111,1778022110.397626,00:01:50,1,3,0.0,0.0,9.211,1.3411,3332,3528,34,36,0,0,NORMAL
run_20260506_000111,1778022110.398074,00:01:50,3,1,0.0,0.0,8.301,1.111,1960,2058,20,21,0,0,NORMAL
run_20260506_000111,1778022112.462154,00:01:52,5,1,0.0,0.0,5.257,1.7393,2450,2548,25,26,0,0,NORMAL
run_20260506_000111,1778022112.4635034,00:01:52,1,4,0.0,0.0,7.564,1.3603,3332,3332,34,34,0,0,NORMAL
run_20260506_000111,1778022112.4635034,00:01:52,1,1,0.001138,0.0,7.564,1.3603,4312,4508,44,46,0,0,NORMAL
run_20260506_000111,1778022112.4635034,00:01:52,1,2,0.000379,0.0,7.564,1.3603,1862,2156,19,22,0,0,NORMAL
run_20260506_000111,1778022112.4635034,00:01:52,1,3,0.001138,0.0,7.564,1.3603,3724,3822,38,39,0,0,NORMAL
run_20260506_000111,1778022112.4646168,00:01:52,3,1,0.000379,0.0,7.944,1.0638,2058,2156,21,22,0,0,NORMAL
run_20260506_000111,1778022112.4650786,00:01:52,2,1,0.000379,0.0,7.115,1.423,2156,2450,22,25,0,0,NORMAL
run_20260506_000111,1778022112.4657822,00:01:52,4,1,0.000379,0.0,6.355,1.5847,1960,2646,20,27,0,0,NORMAL
run_20260506_000111,1778022114.5265586,00:01:54,2,1,0.00038,0.0,10.227,1.5286,2254,2548,23,26,0,0,NORMAL
run_20260506_000111,1778022114.5283723,00:01:54,4,1,0.00076,0.0,10.928,1.7715,2058,2842,21,29,0,0,NORMAL
run_20260506_000111,1778022114.5294485,00:01:54,3,1,0.0,0.0,9.701,1.1072,2058,2156,21,22,0,0,NORMAL
run_20260506_000111,1778022114.529844,00:01:54,1,4,0.000759,0.0,9.127,1.373,3626,3528,37,36,0,0,NORMAL
run_20260506_000111,1778022114.529844,00:01:54,1,1,0.000379,0.0,9.127,1.373,4410,4606,45,47,0,0,NORMAL
run_20260506_000111,1778022114.529844,00:01:54,1,2,0.000379,0.0,9.127,1.373,1960,2254,20,23,0,0,NORMAL
run_20260506_000111,1778022114.529844,00:01:54,1,3,0.000759,0.0,9.127,1.373,3920,4018,40,41,0,0,NORMAL
run_20260506_000111,1778022114.530304,00:01:54,5,1,0.000379,0.0,7.877,1.7943,2548,2646,26,27,0,0,NORMAL
run_20260506_000111,1778022116.5869484,00:01:56,2,1,0.004186,0.0,10.498,1.45,3332,3626,34,37,0,0,NORMAL
run_20260506_000111,1778022116.5884457,00:01:56,1,4,0.00457,0.0,12.569,1.5023,4704,4704,48,48,0,0,NORMAL
run_20260506_000111,1778022116.5884457,00:01:56,1,1,0.008759,0.0,12.569,1.5023,6664,6860,68,70,0,0,NORMAL
run_20260506_000111,1778022116.5884457,00:01:56,1,2,0.003047,0.0,12.569,1.5023,2744,3038,28,31,0,0,NORMAL
run_20260506_000111,1778022116.5884457,00:01:56,1,3,0.004189,0.0,12.569,1.5023,4998,5096,51,52,0,0,NORMAL
run_20260506_000111,1778022116.589535,00:01:56,5,1,0.001523,0.0,12.938,1.9985,2842,3038,29,31,0,0,NORMAL
run_20260506_000111,1778022116.5899003,00:01:56,3,1,0.001522,0.0,12.109,1.1885,2548,2548,26,26,0,0,NORMAL
run_20260506_000111,1778022116.5902612,00:01:56,4,1,0.001521,0.0,11.581,1.7016,2450,3234,25,33,0,0,NORMAL
run_20260506_000111,1778022118.6554337,00:01:58,4,1,0.0,0.0,7.661,1.8403,2450,3234,25,33,0,0,NORMAL
run_20260506_000111,1778022118.656985,00:01:58,2,1,0.0,0.0,5.19,1.6912,3332,3626,34,37,0,0,NORMAL
run_20260506_000111,1778022118.6583831,00:01:58,1,4,0.0,0.0,6.365,1.7962,4704,4704,48,48,0,0,NORMAL
run_20260506_000111,1778022118.6583831,00:01:58,1,1,0.0,0.0,6.365,1.7962,6664,6860,68,70,0,0,NORMAL
run_20260506_000111,1778022118.6583831,00:01:58,1,2,0.0,0.0,6.365,1.7962,2744,3038,28,31,0,0,NORMAL
run_20260506_000111,1778022118.6583831,00:01:58,1,3,0.0,0.0,6.365,1.7962,4998,5096,51,52,0,0,NORMAL
run_20260506_000111,1778022118.6596327,00:01:58,3,1,0.0,0.0,7.209,1.4205,2548,2548,26,26,0,0,NORMAL
run_20260506_000111,1778022118.6606908,00:01:58,5,1,0.0,0.0,6.849,2.2542,2842,3038,29,31,0,0,NORMAL
run_20260506_000111,1778022120.715354,00:02:00,3,1,0.003051,0.0,10.244,1.5213,3332,3332,34,34,0,0,NORMAL
run_20260506_000111,1778022120.7165608,00:02:00,5,1,0.0,0.0,11.188,2.3845,2842,3038,29,31,0,0,NORMAL
run_20260506_000111,1778022120.717667,00:02:00,1,4,0.000381,0.0,9.189,1.8604,4802,4802,49,49,0,0,NORMAL
run_20260506_000111,1778022120.717667,00:02:00,1,1,0.001142,0.0,9.189,1.8604,6958,7154,71,73,0,0,NORMAL
run_20260506_000111,1778022120.717667,00:02:00,1,2,0.002665,0.0,9.189,1.8604,3430,3724,35,38,0,0,NORMAL
run_20260506_000111,1778022120.717667,00:02:00,1,3,0.001142,0.0,9.189,1.8604,5292,5390,54,55,0,0,NORMAL
run_20260506_000111,1778022120.7191577,00:02:00,2,1,0.00038,0.0,7.823,1.75,3430,3724,35,38,0,0,NORMAL
run_20260506_000111,1778022120.7203734,00:02:00,4,1,0.00038,0.0,6.516,1.7968,2548,3332,26,34,0,0,NORMAL
run_20260506_000111,1778022122.781385,00:02:02,4,1,0.0,0.0,9.671,1.8817,2548,3332,26,34,0,0,NORMAL
run_20260506_000111,1778022122.7828596,00:02:02,1,4,0.0,0.0,6.994,1.8813,4802,4802,49,49,0,0,NORMAL
run_20260506_000111,1778022122.7828596,00:02:02,1,1,0.0,0.0,6.994,1.8813,6958,7154,71,73,0,0,NORMAL
run_20260506_000111,1778022122.7828596,00:02:02,1,2,0.00038,0.0,6.994,1.8813,3528,3822,36,39,0,0,NORMAL
run_20260506_000111,1778022122.7828596,00:02:02,1,3,0.00038,0.0,6.994,1.8813,5390,5488,55,56,0,0,NORMAL
run_20260506_000111,1778022122.784364,00:02:02,5,1,0.0,0.0,5.587,2.5856,2842,3038,29,31,0,0,NORMAL
run_20260506_000111,1778022122.78552,00:02:02,3,1,0.0,0.0,4.619,1.7778,3332,3332,34,34,0,0,NORMAL
run_20260506_000111,1778022122.786761,00:02:02,2,1,0.0,0.0,8.477,1.6816,3430,3724,35,38,0,0,NORMAL
run_20260506_000111,1778022124.8387315,00:02:04,5,1,0.0,0.0,13.659,2.9284,2842,3038,29,31,0,0,NORMAL
run_20260506_000111,1778022124.8399746,00:02:04,4,1,0.0,0.0,11.085,1.8524,2548,3332,26,34,0,0,NORMAL
run_20260506_000111,1778022124.8411434,00:02:04,1,4,0.0,0.0,12.574,2.1125,4802,4802,49,49,0,0,NORMAL
run_20260506_000111,1778022124.8411434,00:02:04,1,1,0.0,0.0,12.574,2.1125,6958,7154,71,73,0,0,NORMAL
run_20260506_000111,1778022124.8411434,00:02:04,1,2,0.0,0.0,12.574,2.1125,3528,3822,36,39,0,0,NORMAL
run_20260506_000111,1778022124.8411434,00:02:04,1,3,0.0,0.0,12.574,2.1125,5390,5488,55,56,0,0,NORMAL
run_20260506_000111,1778022124.8424478,00:02:04,2,1,0.0,0.0,16.395,2.0713,3430,3724,35,38,0,0,NORMAL
run_20260506_000111,1778022124.8438969,00:02:04,3,1,0.0,0.0,14.871,2.3074,3332,3332,34,34,0,0,NORMAL
run_20260506_000111,1778022126.8996797,00:02:06,2,1,0.001143,0.0,8.828,2.4147,3724,4018,38,41,0,0,NORMAL
run_20260506_000111,1778022126.901123,00:02:06,4,1,0.003043,0.0,6.245,2.0392,3430,4116,35,42,0,0,NORMAL
run_20260506_000111,1778022126.9024758,00:02:06,5,1,0.00076,0.0,5.026,3.2849,3038,3234,31,33,0,0,NORMAL
run_20260506_000111,1778022126.9037304,00:02:06,1,4,0.00152,0.0,7.553,2.2943,5194,5194,53,53,0,0,NORMAL
run_20260506_000111,1778022126.9037304,00:02:06,1,1,0.003421,0.0,7.553,2.2943,7840,8036,80,82,0,0,NORMAL
run_20260506_000111,1778022126.9037304,00:02:06,1,2,0.002661,0.0,7.553,2.2943,4214,4508,43,46,0,0,NORMAL
run_20260506_000111,1778022126.9037304,00:02:06,1,3,0.005321,0.0,7.553,2.2943,6762,6860,69,70,0,0,NORMAL
run_20260506_000111,1778022126.9050846,00:02:06,3,1,0.000761,0.0,9.907,2.4734,3528,3528,36,36,0,0,NORMAL
run_20260506_000111,1778022128.96111,00:02:08,1,4,0.0,0.0,8.535,2.2123,5194,5194,53,53,0,0,NORMAL
run_20260506_000111,1778022128.96111,00:02:08,1,1,0.0,0.0,8.535,2.2123,7840,8036,80,82,0,0,NORMAL
run_20260506_000111,1778022128.96111,00:02:08,1,2,0.0,0.0,8.535,2.2123,4214,4508,43,46,0,0,NORMAL
run_20260506_000111,1778022128.96111,00:02:08,1,3,0.0,0.0,8.535,2.2123,6762,6860,69,70,0,0,NORMAL
run_20260506_000111,1778022128.9625392,00:02:08,2,1,0.0,0.0,4.663,2.5241,3724,4018,38,41,0,0,NORMAL
run_20260506_000111,1778022128.963999,00:02:08,3,1,0.0,0.0,9.783,2.3265,3528,3528,36,36,0,0,NORMAL
run_20260506_000111,1778022128.9648163,00:02:08,4,1,0.0,0.0,5.994,1.9274,3430,4116,35,42,0,0,NORMAL
run_20260506_000111,1778022128.9659753,00:02:08,5,1,0.0,0.0,7.229,3.2173,3038,3234,31,33,0,0,NORMAL
run_20260506_000111,1778022131.0230684,00:02:11,2,1,0.0,0.0,6.167,2.4604,3724,4018,38,41,0,0,NORMAL
run_20260506_000111,1778022131.0244684,00:02:11,3,1,0.0,0.0,7.114,2.3479,3528,3528,36,36,0,0,NORMAL
run_20260506_000111,1778022131.0252888,00:02:11,4,1,0.0,0.0,8.223,1.9462,3528,4116,36,42,0,0,NORMAL
run_20260506_000111,1778022131.0261147,00:02:11,1,4,0.0,0.0,4.802,2.3073,5194,5194,53,53,0,0,NORMAL
run_20260506_000111,1778022131.0261147,00:02:11,1,1,0.0,0.0,4.802,2.3073,7840,8036,80,82,0,0,NORMAL
run_20260506_000111,1778022131.0261147,00:02:11,1,2,0.00038,0.0,4.802,2.3073,4214,4606,43,47,0,0,NORMAL
run_20260506_000111,1778022131.0261147,00:02:11,1,3,0.0,0.0,4.802,2.3073,6860,6860,70,70,0,0,NORMAL
run_20260506_000111,1778022131.0269697,00:02:11,5,1,0.0,0.0,9.28,3.1444,3038,3234,31,33,0,0,NORMAL
run_20260506_000111,1778022133.091408,00:02:13,1,4,0.00385,0.0,7.18,2.3118,6188,6188,60,60,0,0,NORMAL
run_20260506_000111,1778022133.091408,00:02:13,1,1,0.020995,0.0,7.18,2.3118,13260,13456,90,92,0,0,NORMAL
run_20260506_000111,1778022133.091408,00:02:13,1,2,0.0033,0.0,7.18,2.3118,5350,5458,51,53,0,0,NORMAL
run_20260506_000111,1778022133.091408,00:02:13,1,3,0.020995,0.0,7.18,2.3118,12280,12280,80,80,0,0,NORMAL
run_20260506_000111,1778022133.0930033,00:02:13,5,1,0.003849,0.0,7.615,3.052,4032,4228,38,40,0,0,NORMAL
run_20260506_000111,1778022133.0939677,00:02:13,2,1,0.010469,0.0,4.62,2.4034,6434,6728,43,46,0,0,NORMAL
run_20260506_000111,1778022133.0953798,00:02:13,4,1,0.010852,0.0,6.39,1.9391,6336,6924,42,48,0,0,NORMAL
run_20260506_000111,1778022133.1019921,00:02:13,3,1,0.003281,0.0,5.442,2.3057,4806,4380,45,42,0,0,NORMAL
run_20260506_000111,1778022135.1487901,00:02:15,2,1,0.018991,0.0,13.268,2.7937,11854,11606,53,55,0,0,NORMAL
run_20260506_000111,1778022135.1502109,00:02:15,5,1,0.00994,0.0,12.131,3.1434,6588,6784,56,58,0,0,NORMAL
run_20260506_000111,1778022135.1513753,00:02:15,3,1,0.008869,0.0,21.704,3.1779,7646,6652,65,58,0,0,NORMAL
run_20260506_000111,1778022135.152349,00:02:15,4,1,0.02108,0.0,14.777,2.3421,11756,12344,52,58,0,0,NORMAL
run_20260506_000111,1778022135.15349,00:02:15,1,4,0.009916,0.0,11.011,2.4067,8602,8744,77,78,0,0,NORMAL
run_20260506_000111,1778022135.15349,00:02:15,1,1,0.037849,0.0,11.011,2.4067,23558,23212,109,110,0,0,NORMAL
run_20260506_000111,1778022135.15349,00:02:15,1,2,0.008814,0.0,11.011,2.4067,7764,7730,68,69,0,0,NORMAL
run_20260506_000111,1778022135.15349,00:02:15,1,3,0.039952,0.0,11.011,2.4067,22578,22578,99,99,0,0,NORMAL
run_20260506_000111,1778022137.2098663,00:02:17,2,1,0.021038,0.0,5.384,3.1118,17274,17026,63,65,0,0,NORMAL
run_20260506_000111,1778022137.2114043,00:02:17,5,1,0.00992,0.0,6.473,3.3006,9144,9340,74,76,0,0,NORMAL
run_20260506_000111,1778022137.2122455,00:02:17,1,4,0.009932,0.0,9.969,2.3214,11158,11300,95,96,0,0,NORMAL
run_20260506_000111,1778022137.2122455,00:02:17,1,1,0.040016,0.0,9.969,2.3214,33856,33510,128,129,0,0,NORMAL
run_20260506_000111,1778022137.2122455,00:02:17,1,2,0.00938,0.0,9.969,2.3214,10462,10144,87,86,0,0,NORMAL
run_20260506_000111,1778022137.2122455,00:02:17,1,3,0.040016,0.0,9.969,2.3214,32876,32876,118,118,0,0,NORMAL
run_20260506_000111,1778022137.2128294,00:02:17,4,1,0.021044,0.0,8.708,2.575,17176,17764,62,68,0,0,NORMAL
run_20260506_000111,1778022137.21333,00:02:17,3,1,0.009366,0.0,7.551,3.8638,10628,9066,86,75,0,0,NORMAL
run_20260506_000111,1778022139.2738554,00:02:19,1,4,0.008816,0.0,6.436,2.3971,13430,13572,111,112,0,0,NORMAL
run_20260506_000111,1778022139.2738554,00:02:19,1,1,0.039961,0.0,6.436,2.3971,44154,43808,147,148,0,0,NORMAL
run_20260506_000111,1778022139.2738554,00:02:19,1,2,0.008816,0.0,6.436,2.3971,12876,12416,104,102,0,0,NORMAL
run_20260506_000111,1778022139.2738554,00:02:19,1,3,0.039961,0.0,6.436,2.3971,43174,43174,137,137,0,0,NORMAL
run_20260506_000111,1778022139.2755277,00:02:19,5,1,0.008806,0.0,5.734,3.1405,11416,11612,90,92,0,0,NORMAL
run_20260506_000111,1778022139.2764618,00:02:19,3,1,0.00881,0.0,7.302,3.6379,13468,11338,106,91,0,0,NORMAL
run_20260506_000111,1778022139.2770038,00:02:19,2,1,0.020976,0.0,4.883,2.9486,22694,22446,73,75,0,0,NORMAL
run_20260506_000111,1778022139.2774498,00:02:19,4,1,0.021001,0.0,7.393,2.4963,22596,23184,72,78,0,0,NORMAL
run_20260506_000111,1778022141.338308,00:02:21,1,4,0.009905,0.0,5.166,2.3267,15986,16128,129,130,0,0,NORMAL
run_20260506_000111,1778022141.338308,00:02:21,1,1,0.042006,0.0,5.166,2.3267,55536,54648,168,168,0,0,NORMAL
run_20260506_000111,1778022141.338308,00:02:21,1,2,0.009905,0.0,5.166,2.3267,15290,14972,121,120,0,0,NORMAL
run_20260506_000111,1778022141.338308,00:02:21,1,3,0.042006,0.0,5.166,2.3267,54014,54014,157,157,0,0,NORMAL
run_20260506_000111,1778022141.3397338,00:02:21,5,1,0.009906,0.0,6.219,2.9745,13972,14168,108,110,0,0,NORMAL
run_20260506_000111,1778022141.3405738,00:02:21,2,1,0.018911,0.0,7.322,2.9168,28656,27324,84,84,0,0,NORMAL
run_20260506_000111,1778022141.3411314,00:02:21,3,1,0.009904,0.0,6.878,3.4371,16308,13894,126,109,0,0,NORMAL
run_20260506_000111,1778022141.3414855,00:02:21,4,1,0.018907,0.0,7.844,2.3685,27474,28062,81,87,0,0,NORMAL
run_20260506_000111,1778022143.4089642,00:02:23,5,1,0.010431,0.0,5.453,2.8365,16670,16866,127,129,0,0,NORMAL
run_20260506_000111,1778022143.4103854,00:02:23,4,1,0.031538,0.0,6.927,2.2778,35630,36218,99,105,0,0,NORMAL
run_20260506_000111,1778022143.4116383,00:02:23,1,4,0.01041,0.0,4.619,2.2154,18542,18826,147,149,0,0,NORMAL
run_20260506_000111,1778022143.4116383,00:02:23,1,1,0.052383,0.0,4.619,2.2154,69112,68224,196,196,0,0,NORMAL
run_20260506_000111,1778022143.4116383,00:02:23,1,2,0.009862,0.0,4.619,2.2154,18130,17528,141,138,0,0,NORMAL
run_20260506_000111,1778022143.4116383,00:02:23,1,3,0.052383,0.0,4.619,2.2154,67590,67590,185,185,0,0,NORMAL
run_20260506_000111,1778022143.4121642,00:02:23,2,1,0.031497,0.0,6.138,2.8085,36812,35480,102,102,0,0,NORMAL
run_20260506_000111,1778022143.412688,00:02:23,3,1,0.009871,0.0,6.491,3.2464,19290,16450,147,127,0,0,NORMAL
run_20260506_000111,1778022145.4707282,00:02:25,3,1,0.00828,0.0,15.643,3.6155,22130,18580,167,142,0,0,NORMAL
run_20260506_000111,1778022145.4718983,00:02:25,4,1,0.109954,0.0,13.933,2.5733,65332,64552,180,182,0,0,NORMAL
run_20260506_000111,1778022145.4729993,00:02:25,5,1,0.009907,0.0,12.541,3.1021,19226,19422,145,147,0,0,NORMAL
run_20260506_000111,1778022145.4734757,00:02:25,2,1,0.113947,0.0,15.1,3.1931,66514,64840,183,182,0,0,NORMAL
run_20260506_000111,1778022145.4739041,00:02:25,1,4,0.009915,0.0,14.573,2.6991,20956,21382,164,167,0,0,NORMAL
run_20260506_000111,1778022145.4739041,00:02:25,1,1,0.13492,0.0,14.573,2.6991,103208,103004,284,286,0,0,NORMAL
run_20260506_000111,1778022145.4739041,00:02:25,1,2,0.008263,0.0,14.573,2.6991,20686,19658,159,153,0,0,NORMAL
run_20260506_000111,1778022145.4739041,00:02:25,1,3,0.130939,0.0,14.573,2.6991,102370,101344,275,272,0,0,NORMAL
run_20260506_000111,1778022147.5324209,00:02:27,4,1,0.130134,0.005747,6.262,2.8919,99876,98070,276,275,0,0,NORMAL
run_20260506_000111,1778022147.533839,00:02:27,3,1,0.023398,0.0,5.151,4.0452,29074,24614,199,169,0,0,NORMAL
run_20260506_000111,1778022147.534797,00:02:27,1,4,0.009371,0.0,7.736,2.9576,23370,23796,181,184,0,0,NORMAL
run_20260506_000111,1778022147.534797,00:02:27,1,1,0.131236,0.0,7.736,2.9576,139268,136812,378,374,0,0,NORMAL
run_20260506_000111,1778022147.534797,00:02:27,1,2,0.023423,0.0,7.736,2.9576,26804,25692,188,180,0,0,NORMAL
run_20260506_000111,1778022147.534797,00:02:27,1,3,0.153254,0.005747,7.736,2.9576,140966,140824,377,376,0,0,NORMAL
run_20260506_000111,1778022147.535463,00:02:27,5,1,0.009364,0.0,6.854,3.2637,21640,21836,162,164,0,0,NORMAL
run_20260506_000111,1778022147.5358174,00:02:27,2,1,0.108017,0.011364,7.282,3.4821,96612,92686,266,259,0,0,NORMAL
run_20260506_000111,1778022149.5982122,00:02:29,3,1,0.103043,0.0,5.743,3.8294,56730,51204,295,260,0,0,NORMAL
run_20260506_000111,1778022149.5995271,00:02:29,4,1,0.196812,0.002874,4.84,2.8,153466,148924,431,422,0,0,NORMAL
run_20260506_000111,1778022149.600725,00:02:29,2,1,0.111858,0.011364,7.38,3.2707,126510,121558,349,339,0,0,NORMAL
run_20260506_000111,1778022149.6016083,00:02:29,5,1,0.010447,0.0,6.944,3.0653,24338,24534,181,183,0,0,NORMAL
run_20260506_000111,1778022149.6019866,00:02:29,1,4,0.010991,0.0,6.577,2.8452,26068,26636,200,204,0,0,NORMAL
run_20260506_000111,1778022149.6019866,00:02:29,1,1,0.134227,0.011364,6.577,2.8452,173752,171496,472,468,0,0,NORMAL
run_20260506_000111,1778022149.6019866,00:02:29,1,2,0.104227,0.0,6.577,2.8452,52750,52624,279,272,0,0,NORMAL
run_20260506_000111,1778022149.6019866,00:02:29,1,3,0.219297,0.002874,6.577,2.8452,200910,197490,547,537,0,0,NORMAL
run_20260506_000111,1778022151.6620088,00:02:31,4,1,0.216027,0.00761,8.002,2.8226,212580,204618,598,579,0,0,NORMAL
run_20260506_000111,1778022151.663528,00:02:31,3,1,0.099208,0.005495,6.819,3.6572,83510,76816,385,346,0,0,NORMAL
run_20260506_000111,1778022151.6644936,00:02:31,2,1,0.113811,0.011001,9.025,3.169,155870,150918,429,419,0,0,NORMAL
run_20260506_000111,1778022151.665064,00:02:31,1,4,0.011013,0.0,9.883,2.874,29050,29476,221,224,0,0,NORMAL
run_20260506_000111,1778022151.665064,00:02:31,1,1,0.154759,0.011001,9.883,2.874,214004,211406,578,573,0,0,NORMAL
run_20260506_000111,1778022151.665064,00:02:31,1,2,0.09799,0.005495,9.883,2.874,77820,77894,364,357,0,0,NORMAL
run_20260506_000111,1778022151.665064,00:02:31,1,3,0.236982,0.00761,9.883,2.874,265444,258604,724,704,0,0,NORMAL
run_20260506_000111,1778022151.6655269,00:02:31,5,1,0.011559,0.0,9.389,3.0265,27320,27516,202,204,0,0,NORMAL
run_20260506_000111,1778022153.725637,00:02:33,2,1,0.109958,0.015024,7.323,3.0774,185866,179248,513,498,0,0,NORMAL
run_20260506_000111,1778022153.7273018,00:02:33,4,1,0.292383,0.01571,5.658,2.7927,290798,280100,823,796,0,0,NORMAL
run_20260506_000111,1778022153.7283573,00:02:33,3,1,0.094931,0.038041,6.569,3.4443,110774,101318,477,427,0,0,NORMAL
run_20260506_000111,1778022153.7290242,00:02:33,5,1,0.008808,0.0,8.138,2.9156,29592,29788,218,220,0,0,NORMAL
run_20260506_000111,1778022153.7296453,00:02:33,1,4,0.008804,0.0,7.784,2.8256,31322,31748,237,240,0,0,NORMAL
run_20260506_000111,1778022153.7296453,00:02:33,1,1,0.223542,0.015024,7.784,2.8256,273018,269096,741,732,0,0,NORMAL
run_20260506_000111,1778022153.7296453,00:02:33,1,2,0.094942,0.038041,7.784,2.8256,102122,102396,445,438,0,0,NORMAL
run_20260506_000111,1778022153.7296453,00:02:33,1,3,0.313485,0.01571,7.784,2.8256,348300,339506,956,931,0,0,NORMAL
run_20260506_000111,1778022155.7889357,00:02:35,5,1,0.011581,0.0,11.81,2.9628,32574,32770,239,241,0,0,NORMAL
run_20260506_000111,1778022155.7901027,00:02:35,4,1,0.294442,0.007855,10.64,2.9296,368772,356022,1048,1015,0,0,NORMAL
run_20260506_000111,1778022155.7914197,00:02:35,2,1,0.113685,0.016946,9.271,3.0068,215866,208604,595,580,0,0,NORMAL
run_20260506_000111,1778022155.7920725,00:02:35,3,1,0.095346,0.056058,11.091,3.5116,137946,125914,571,511,0,0,NORMAL
run_20260506_000111,1778022155.792514,00:02:35,1,4,0.011564,0.0,12.6,2.95,34020,34730,256,261,0,0,NORMAL
run_20260506_000111,1778022155.792514,00:02:35,1,1,0.2279,0.016946,12.6,2.95,332770,327862,907,897,0,0,NORMAL
run_20260506_000111,1778022155.792514,00:02:35,1,2,0.095386,0.056058,12.6,2.95,128170,126992,535,522,0,0,NORMAL
run_20260506_000111,1778022155.792514,00:02:35,1,3,0.319074,0.007855,12.6,2.95,430958,421782,1193,1165,0,0,NORMAL
run_20260506_000111,1778022164.0414739,00:02:44,4,1,0.292312,0.013638,7.236,2.7806,679586,654182,1939,1869,0,0,NORMAL
run_20260506_000111,1778022164.0430532,00:02:44,1,4,0.009911,0.0,8.393,2.7738,43818,44812,325,332,0,0,NORMAL
run_20260506_000111,1778022164.0430532,00:02:44,1,1,0.226578,0.001855,8.393,2.7738,568976,560790,1556,1537,0,0,NORMAL
run_20260506_000111,1778022164.0430532,00:02:44,1,2,0.098982,0.055824,8.393,2.7738,228376,227288,874,856,0,0,NORMAL
run_20260506_000111,1778022164.0430532,00:02:44,1,3,0.315424,0.013638,8.393,2.7738,761308,742556,2120,2064,0,0,NORMAL
run_20260506_000111,1778022164.044236,00:02:44,5,1,0.009911,0.0,9.001,3.0532,42656,42852,310,312,0,0,NORMAL
run_20260506_000111,1778022164.04468,00:02:44,3,1,0.099532,0.055824,9.347,3.0936,246426,226210,939,845,0,0,NORMAL
run_20260506_000111,1778022164.0452414,00:02:44,2,1,0.111952,0.007257,9.818,2.8504,334924,323842,922,897,0,0,NORMAL
run_20260506_000111,1778022166.1036613,00:02:46,3,1,0.098791,0.045769,8.926,2.9266,273304,251636,1030,930,0,0,NORMAL
run_20260506_000111,1778022166.1051838,00:02:46,2,1,0.116873,0.007257,9.516,2.6911,364676,353936,1006,982,0,0,NORMAL
run_20260506_000111,1778022166.1067026,00:02:46,1,4,0.01156,0.0,7.918,2.6301,46516,47794,344,353,0,0,NORMAL
run_20260506_000111,1778022166.1067026,00:02:46,1,1,0.22838,0.007257,7.918,2.6301,627204,619702,1718,1701,0,0,NORMAL
run_20260506_000111,1778022166.1067026,00:02:46,1,2,0.098567,0.045769,7.918,2.6301,254570,252714,963,941,0,0,NORMAL
run_20260506_000111,1778022166.1067026,00:02:46,1,3,0.31096,0.01808,7.918,2.6301,843916,822770,2354,2291,0,0,NORMAL
run_20260506_000111,1778022166.1087441,00:02:46,4,1,0.291538,0.01808,6.492,2.6533,757658,729518,2165,2087,0,0,NORMAL
run_20260506_000111,1778022166.109222,00:02:46,5,1,0.011553,0.0,8.364,2.9022,45638,45834,331,333,0,0,NORMAL
run_20260506_000111,1778022168.16764,00:02:48,1,4,0.010473,0.0,8.883,2.5261,49214,50492,363,372,0,0,NORMAL
run_20260506_000111,1778022168.16764,00:02:48,1,1,0.229457,0.003628,8.883,2.5261,685632,678814,1880,1865,0,0,NORMAL
run_20260506_000111,1778022168.16764,00:02:48,1,2,0.099628,0.052646,8.883,2.5261,279152,278380,1048,1028,0,0,NORMAL
run_20260506_000111,1778022168.16764,00:02:48,1,3,0.309871,0.013407,8.883,2.5261,927164,902598,2590,2517,0,0,NORMAL
run_20260506_000111,1778022168.1690366,00:02:48,5,1,0.010479,0.0,9.724,2.8058,48336,48532,350,352,0,0,NORMAL
run_20260506_000111,1778022168.169893,00:02:48,2,1,0.113759,0.001814,6.356,2.7204,394378,383296,1087,1062,0,0,NORMAL
run_20260506_000111,1778022168.170577,00:02:48,4,1,0.287185,0.013407,9.343,2.6657,835778,803534,2389,2299,0,0,NORMAL
run_20260506_000111,1778022168.1711082,00:02:48,3,1,0.099315,0.052646,5.178,2.9779,300720,277302,1124,1017,0,0,NORMAL
run_20260506_000111,1778022170.2303379,00:02:50,5,1,0.011022,0.0,7.134,2.7923,51176,51372,370,372,0,0,NORMAL
run_20260506_000111,1778022170.2318232,00:02:50,3,1,0.098102,0.049051,8.832,3.0202,327642,302572,1215,1102,0,0,NORMAL
run_20260506_000111,1778022170.2327535,00:02:50,2,1,0.113861,0.001814,7.937,2.6492,424280,412656,1168,1142,0,0,NORMAL
run_20260506_000111,1778022170.233435,00:02:50,4,1,0.288935,0.011148,8.47,2.5537,913360,878038,2610,2511,0,0,NORMAL
run_20260506_000111,1778022170.233973,00:02:50,1,4,0.010995,0.0,6.273,2.5313,51912,53332,382,392,0,0,NORMAL
run_20260506_000111,1778022170.233973,00:02:50,1,1,0.226016,0.001814,6.273,2.5313,744752,737192,2040,2024,0,0,NORMAL
run_20260506_000111,1778022170.233973,00:02:50,1,2,0.097835,0.049051,6.273,2.5313,304906,303650,1135,1113,0,0,NORMAL
run_20260506_000111,1778022170.233973,00:02:50,1,3,0.311532,0.011148,6.273,2.5313,1010024,983064,2820,2740,0,0,NORMAL
run_20260506_000111,1778022172.3042576,00:02:52,3,1,0.101732,0.054287,6.447,2.9805,354862,328926,1307,1189,0,0,NORMAL
run_20260506_000111,1778022172.3057377,00:02:52,2,1,0.11559,0.000454,7.325,2.5219,454374,442608,1253,1226,0,0,NORMAL
run_20260506_000111,1778022172.3075855,00:02:52,4,1,0.290964,0.01227,7.864,2.4319,992218,953476,2837,2728,0,0,NORMAL
run_20260506_000111,1778022172.3089774,00:02:52,5,1,0.010384,0.0,5.475,2.7215,53874,54070,389,391,0,0,NORMAL
run_20260506_000111,1778022172.3100033,00:02:52,1,4,0.010397,0.0,8.401,2.5061,54468,56030,400,411,0,0,NORMAL
run_20260506_000111,1778022172.3100033,00:02:52,1,1,0.22933,0.000454,8.401,2.5061,804206,796704,2205,2188,0,0,NORMAL
run_20260506_000111,1778022172.3100033,00:02:52,1,2,0.101555,0.054287,8.401,2.5061,329150,330004,1217,1200,0,0,NORMAL
run_20260506_000111,1778022172.3100033,00:02:52,1,3,0.311587,0.01227,8.401,2.5061,1093618,1063922,3055,2967,0,0,NORMAL
run_20260506_000111,1778022174.3545485,00:02:54,5,1,0.009996,0.0,15.302,3.1656,56430,56626,407,409,0,0,NORMAL
run_20260506_000111,1778022174.3562443,00:02:54,3,1,0.100671,0.038638,11.193,3.0908,382078,354748,1401,1276,0,0,NORMAL
run_20260506_000111,1778022174.3574517,00:02:54,1,4,0.009987,0.0,16.614,2.8628,57024,58586,418,429,0,0,NORMAL
run_20260506_000111,1778022174.3574517,00:02:54,1,1,0.226178,0.000454,16.614,2.8628,861950,854590,2365,2349,0,0,NORMAL
run_20260506_000111,1778022174.3574517,00:02:54,1,2,0.102231,0.038638,16.614,2.8628,354514,356168,1305,1288,0,0,NORMAL
run_20260506_000111,1778022174.3574517,00:02:54,1,3,0.308841,0.006135,16.614,2.8628,1175738,1142964,3289,3192,0,0,NORMAL
run_20260506_000111,1778022174.3592842,00:02:54,2,1,0.108269,0.003352,12.91,2.7133,483734,470400,1333,1302,0,0,NORMAL
run_20260506_000111,1778022174.3603528,00:02:54,4,1,0.28539,0.006135,14.45,2.6916,1069210,1026706,3059,2939,0,0,NORMAL
run_20260506_000111,1778022176.417883,00:02:56,5,1,0.010461,0.0,6.513,3.5171,59128,59324,426,428,0,0,NORMAL
run_20260506_000111,1778022176.4193184,00:02:56,4,1,0.290033,0.009734,11.569,2.7035,1146250,1101352,3279,3152,0,0,NORMAL
run_20260506_000111,1778022176.4205382,00:02:56,1,4,0.010462,0.0,9.681,3.1171,59722,61284,437,448,0,0,NORMAL
run_20260506_000111,1778022176.4205382,00:02:56,1,1,0.222168,0.003352,9.681,3.1171,919644,911884,2522,2506,0,0,NORMAL
run_20260506_000111,1778022176.4205382,00:02:56,1,2,0.100641,0.036364,9.681,3.1171,380668,382122,1392,1375,0,0,NORMAL
run_20260506_000111,1778022176.4205382,00:02:56,1,3,0.309145,0.009734,9.681,3.1171,1257314,1222688,3517,3414,0,0,NORMAL
run_20260506_000111,1778022176.4212751,00:02:56,2,1,0.111031,0.001676,11.033,2.6611,513094,499018,1413,1381,0,0,NORMAL
run_20260506_000111,1778022176.421823,00:02:56,3,1,0.101845,0.036364,7.837,3.1074,408858,381044,1491,1364,0,0,NORMAL
run_20260506_000111,1778022178.482174,00:02:58,2,1,0.114164,0.001676,9.984,2.5604,543730,528428,1499,1464,0,0,NORMAL
run_20260506_000111,1778022178.4837463,00:02:58,3,1,0.098425,0.029676,10.398,3.0732,436318,406412,1585,1450,0,0,NORMAL
run_20260506_000111,1778022178.4850352,00:02:58,4,1,0.288558,0.013836,8.586,2.7209,1225206,1175862,3507,3367,0,0,NORMAL
run_20260506_000111,1778022178.4864702,00:02:58,5,1,0.010434,0.0,7.329,3.3482,61826,62022,445,447,0,0,NORMAL
run_20260506_000111,1778022178.4879062,00:02:58,1,4,0.01044,0.0,9.463,2.9359,62420,63982,456,467,0,0,NORMAL
run_20260506_000111,1778022178.4879062,00:02:58,1,1,0.23084,0.001676,9.463,2.9359,978472,971538,2684,2671,0,0,NORMAL
run_20260506_000111,1778022178.4879062,00:02:58,1,2,0.098165,0.029676,9.463,2.9359,406276,407490,1480,1461,0,0,NORMAL
run_20260506_000111,1778022178.4879062,00:02:58,1,3,0.312722,0.013836,9.463,2.9359,1341348,1303502,3754,3641,0,0,NORMAL
run_20260506_000111,1778022180.5487092,00:03:00,5,1,0.011017,0.0,10.143,3.3148,64666,64862,465,467,0,0,NORMAL
run_20260506_000111,1778022180.5502894,00:03:00,4,1,0.286709,0.015767,8.791,2.5636,1302984,1249878,3730,3579,0,0,NORMAL
run_20260506_000111,1778022180.5515585,00:03:00,1,4,0.01101,0.0,11.735,2.8944,65260,66822,476,487,0,0,NORMAL
run_20260506_000111,1778022180.5515585,00:03:00,1,1,0.228604,0.003868,11.735,2.8944,1037584,1030508,2848,2834,0,0,NORMAL
run_20260506_000111,1778022180.5515585,00:03:00,1,2,0.098722,0.03208,11.735,2.8944,431742,432956,1567,1548,0,0,NORMAL
run_20260506_000111,1778022180.5515585,00:03:00,1,3,0.309463,0.015767,11.735,2.8944,1424112,1383330,3988,3867,0,0,NORMAL
run_20260506_000111,1778022180.5521398,00:03:00,2,1,0.115565,0.005002,6.215,2.6359,573090,558330,1579,1545,0,0,NORMAL
run_20260506_000111,1778022180.552588,00:03:00,3,1,0.098474,0.03208,7.396,3.0687,463294,431878,1677,1537,0,0,NORMAL
run_20260506_000111,1778022182.6116712,00:03:02,2,1,0.112717,0.005002,8.353,2.6048,602792,587348,1660,1624,0,0,NORMAL
run_20260506_000111,1778022182.6131113,00:03:02,4,1,0.292919,0.018897,7.106,2.5087,1380908,1325408,3952,3794,0,0,NORMAL
run_20260506_000111,1778022182.6143322,00:03:02,1,4,0.010464,0.0,7.901,2.9531,67816,69520,494,506,0,0,NORMAL
run_20260506_000111,1778022182.6143322,00:03:02,1,1,0.22563,0.005002,7.901,2.9531,1095420,1088686,3006,2993,0,0,NORMAL
run_20260506_000111,1778022182.6143322,00:03:02,1,2,0.089945,0.039296,7.901,2.9531,456670,456148,1651,1624,0,0,NORMAL
run_20260506_000111,1778022182.6143322,00:03:02,1,3,0.311844,0.018897,7.901,2.9531,1506572,1463738,4218,4091,0,0,NORMAL
run_20260506_000111,1778022182.6148684,00:03:02,3,1,0.089966,0.039296,8.727,2.9601,490416,455070,1768,1613,0,0,NORMAL
run_20260506_000111,1778022182.6153436,00:03:02,5,1,0.010444,0.0,5.919,3.3716,67364,67560,484,486,0,0,NORMAL
run_20260506_000111,1778022184.6769223,00:03:04,5,1,0.011021,0.0,7.609,3.2665,70062,70400,503,506,0,0,NORMAL
run_20260506_000111,1778022184.678288,00:03:04,4,1,0.286519,0.009448,6.133,2.4127,1458634,1399372,4179,4010,0,0,NORMAL
run_20260506_000111,1778022184.679756,00:03:04,3,1,0.100763,0.09757,7.136,2.8745,517632,481078,1862,1701,0,0,NORMAL
run_20260506_000111,1778022184.6801882,00:03:04,1,4,0.010998,0.0,6.784,2.8384,70514,72360,513,526,0,0,NORMAL
run_20260506_000111,1778022184.6801882,00:03:04,1,1,0.217316,0.002501,6.784,2.8384,1152964,1144804,3166,3150,0,0,NORMAL
run_20260506_000111,1778022184.6801882,00:03:04,1,2,0.100716,0.09757,6.784,2.8384,481692,482156,1738,1712,0,0,NORMAL
run_20260506_000111,1778022184.6801882,00:03:04,1,3,0.307413,0.009448,6.784,2.8384,1587266,1543122,4449,4317,0,0,NORMAL
run_20260506_000111,1778022184.6807902,00:03:04,2,1,0.111615,0.004435,4.894,2.6581,632544,616216,1744,1706,0,0,NORMAL
run_20260506_000111,1778022186.7400794,00:03:06,5,1,0.010462,0.0,5.539,3.1918,72902,73098,523,525,0,0,NORMAL
run_20260506_000111,1778022186.741281,00:03:06,3,1,0.096946,0.071512,7.692,2.7296,544852,506060,1954,1786,0,0,NORMAL
run_20260506_000111,1778022186.7422018,00:03:06,4,1,0.295245,0.004724,7.047,2.3191,1537198,1475542,4403,4227,0,0,NORMAL
run_20260506_000111,1778022186.7429645,00:03:06,2,1,0.116002,0.004435,8.902,2.7424,662446,646118,1825,1787,0,0,NORMAL
run_20260506_000111,1778022186.7434063,00:03:06,1,4,0.010461,0.0,8.208,2.75,73212,75058,532,545,0,0,NORMAL
run_20260506_000111,1778022186.7434063,00:03:06,1,1,0.232631,0.004435,8.208,2.75,1211934,1204800,3329,3316,0,0,NORMAL
run_20260506_000111,1778022186.7434063,00:03:06,1,2,0.096866,0.071512,8.208,2.75,507402,507138,1825,1797,0,0,NORMAL
run_20260506_000111,1778022186.7434063,00:03:06,1,3,0.31788,0.004724,8.208,2.75,1671300,1625104,4686,4548,0,0,NORMAL
run_20260506_000111,1778022188.8014472,00:03:08,2,1,0.115433,0.002218,7.187,2.6782,692148,675820,1906,1868,0,0,NORMAL
run_20260506_000111,1778022188.8029106,00:03:08,5,1,0.009362,0.0,4.932,3.0302,75316,75512,540,542,0,0,NORMAL
run_20260506_000111,1778022188.8038223,00:03:08,1,4,0.009373,0.0,7.662,2.6123,75484,77472,548,562,0,0,NORMAL
run_20260506_000111,1778022188.8038223,00:03:08,1,1,0.229321,0.002218,7.662,2.6123,1270312,1263862,3488,3477,0,0,NORMAL
run_20260506_000111,1778022188.8038223,00:03:08,1,2,0.095585,0.07105,7.662,2.6123,531504,531756,1906,1876,0,0,NORMAL
run_20260506_000111,1778022188.8038223,00:03:08,1,3,0.306338,0.002362,7.662,2.6123,1754302,1704002,4917,4767,0,0,NORMAL
run_20260506_000111,1778022188.8044,00:03:08,4,1,0.285047,0.002362,6.741,2.1933,1614438,1549020,4623,4436,0,0,NORMAL
run_20260506_000111,1778022188.8048418,00:03:08,3,1,0.095439,0.07105,5.867,2.673,571774,530678,2045,1865,0,0,NORMAL
run_20260506_000111,1778022190.8652995,00:03:10,3,1,0.100257,0.086807,7.902,2.6331,599288,556500,2140,1952,0,0,NORMAL
run_20260506_000111,1778022190.8667712,00:03:10,2,1,0.113919,0.001109,5.403,2.6223,721900,705230,1990,1951,0,0,NORMAL
run_20260506_000111,1778022190.8684704,00:03:10,4,1,0.29275,0.005727,7.463,2.1013,1693048,1624552,4852,4656,0,0,NORMAL
run_20260506_000111,1778022190.8697739,00:03:10,1,4,0.009898,0.0,7.02,2.4891,77756,80028,564,580,0,0,NORMAL
run_20260506_000111,1778022190.8697739,00:03:10,1,1,0.226251,0.001109,7.02,2.4891,1329082,1322290,3651,3639,0,0,NORMAL
run_20260506_000111,1778022190.8697739,00:03:10,1,2,0.099991,0.086807,7.02,2.4891,556726,557578,1993,1963,0,0,NORMAL
run_20260506_000111,1778022190.8697739,00:03:10,1,3,0.313471,0.005727,7.02,2.4891,1836622,1784954,5151,4997,0,0,NORMAL
run_20260506_000111,1778022190.870974,00:03:10,5,1,0.009888,0.0,6.327,2.928,77872,78068,558,560,0,0,NORMAL
run_20260506_000111,1778022192.927671,00:03:12,4,1,0.285462,0.009442,10.218,2.1422,1770630,1698030,5073,4865,0,0,NORMAL
run_20260506_000111,1778022192.929717,00:03:12,5,1,0.009932,0.0,12.653,3.1404,80428,80624,576,578,0,0,NORMAL
run_20260506_000111,1778022192.93072,00:03:12,1,4,0.009922,0.0,11.477,2.6121,80312,82584,582,598,0,0,NORMAL
run_20260506_000111,1778022192.93072,00:03:12,1,1,0.225644,0.000554,11.477,2.6121,1387510,1380420,3813,3800,0,0,NORMAL
run_20260506_000111,1778022192.93072,00:03:12,1,2,0.101522,0.049151,11.477,2.6121,581654,583732,2077,2050,0,0,NORMAL
run_20260506_000111,1778022192.93072,00:03:12,1,3,0.307781,0.009442,11.477,2.6121,1919816,1864244,5386,5220,0,0,NORMAL
run_20260506_000111,1778022192.9313703,00:03:12,2,1,0.11034,0.006488,8.982,2.6821,751602,733706,2071,2029,0,0,NORMAL
run_20260506_000111,1778022192.931946,00:03:12,3,1,0.099918,0.049151,7.25,2.5093,626068,582312,2230,2038,0,0,NORMAL
run_20260506_000111,1778022194.992006,00:03:14,2,1,0.111104,0.006488,8.377,2.5523,781504,762324,2152,2108,0,0,NORMAL
run_20260506_000111,1778022194.9937909,00:03:14,4,1,0.28638,0.011388,6.023,2.2705,1847670,1771992,5293,5076,0,0,NORMAL
run_20260506_000111,1778022194.9952133,00:03:14,3,1,0.100858,0.03607,8.816,2.4503,652990,608324,2321,2124,0,0,NORMAL
run_20260506_000111,1778022194.9964995,00:03:14,1,4,0.010448,0.0,7.802,2.6785,82868,85282,600,617,0,0,NORMAL
run_20260506_000111,1778022194.9964995,00:03:14,1,1,0.223203,0.006488,7.802,2.6785,1445204,1438056,3970,3958,0,0,NORMAL
run_20260506_000111,1778022194.9964995,00:03:14,1,2,0.09941,0.03607,7.802,2.6785,607066,609402,2163,2135,0,0,NORMAL
run_20260506_000111,1778022194.9964995,00:03:14,1,3,0.309516,0.011388,7.802,2.6785,2001934,1944168,5615,5442,0,0,NORMAL
run_20260506_000111,1778022194.9973855,00:03:14,5,1,0.010439,0.0,7.017,3.2964,83126,83322,595,597,0,0,NORMAL
run_20260506_000111,1778022197.0546634,00:03:17,1,4,0.011039,0.0,11.11,2.7179,85708,88122,620,637,0,0,NORMAL
run_20260506_000111,1778022197.0546634,00:03:17,1,1,0.230147,0.006409,11.11,2.7179,1502362,1497266,4129,4123,0,0,NORMAL
run_20260506_000111,1778022197.0546634,00:03:17,1,2,0.098418,0.035682,11.11,2.7179,632386,634722,2251,2223,0,0,NORMAL
run_20260506_000111,1778022197.0546634,00:03:17,1,3,0.306114,0.005694,11.11,2.7179,2085818,2022922,5855,5667,0,0,NORMAL
run_20260506_000111,1778022197.0561526,00:03:17,2,1,0.113984,0.003204,7.116,2.4716,811598,791734,2237,2191,0,0,NORMAL
run_20260506_000111,1778022197.0575407,00:03:17,3,1,0.098219,0.035682,9.906,2.3654,680504,633644,2416,2212,0,0,NORMAL
run_20260506_000111,1778022197.0585022,00:03:17,4,1,0.283763,0.005694,8.602,2.2898,1926378,1845228,5523,5290,0,0,NORMAL
run_20260506_000111,1778022197.0598078,00:03:17,5,1,0.011016,0.0,12.334,3.4227,85966,86162,615,617,0,0,NORMAL
