run_id,timestamp,datetime,segment,switch_id,port_no,mos_voice,e2e_delay_ms,plr,jitter_ms,cdr_flag,call_setup_time_ms,buffering_ratio,rebuffering_freq,rebuffering_count,total_stall_seconds,video_start_time_ms,streaming_mos,effective_bitrate_mbps,throughput_mbps,dns_latency_ms,availability,rx_bytes,tx_bytes,rx_packets,tx_packets,rx_dropped,tx_dropped,dataplane_latency_ms,ctrl_plane_rtt_ms,flow_count,mos_source,label
run_20260506_000111,1778022073.2566626,00:01:13,INTERNET,5,1,4.4,6.251,0.0,0.5871,0,262.5,0.0,0.0,0,0.0,0.0,0.0,0.0,0.000381,0.0,1.0,98,196,1,2,0,0,,6.251,0,ctrl_plane_fallback,NORMAL
run_20260506_000111,1778022073.2578537,00:01:13,OUTDOOR_RAN,2,1,4.4,5.814,0.0,0.3105,0,258.1,0.0,0.0,0,0.0,0.0,0.0,0.0,0.000762,0.0,1.0,1078,980,11,10,0,0,,5.814,0,ctrl_plane_fallback,NORMAL
run_20260506_000111,1778022073.259137,00:01:13,INDOOR_RAN,3,1,4.4,6.677,0.0,0.5458,0,266.8,0.0,0.0,0,0.0,0.0,0.0,0.0,0.000381,0.0,1.0,0,196,0,2,0,0,,6.677,0,ctrl_plane_fallback,NORMAL
run_20260506_000111,1778022073.2600622,00:01:13,INTERNET,1,4,4.4,5.236,0.0,0.4015,0,252.4,0.0,0.0,0,0.0,0.0,0.0,0.0,0.00038,0.0,1.0,98,196,1,2,0,0,,5.236,0,ctrl_plane_fallback,NORMAL
run_20260506_000111,1778022073.2600622,00:01:13,OUTDOOR_RAN,1,1,4.4,5.236,0.0,0.4015,0,252.4,0.0,0.0,0,0.0,0.0,0.0,0.0,0.000761,0.0,1.0,980,980,10,10,0,0,,5.236,0,ctrl_plane_fallback,NORMAL
run_20260506_000111,1778022073.2600622,00:01:13,INDOOR_RAN,1,2,4.4,5.236,0.0,0.4015,0,252.4,0.0,0.0,0,0.0,0.0,0.0,0.0,0.00038,0.0,1.0,0,196,0,2,0,0,,5.236,0,ctrl_plane_fallback,NORMAL
run_20260506_000111,1778022073.2600622,00:01:13,IMS_CDN,1,3,4.4,5.236,0.0,0.4015,0,252.4,0.0,0.0,0,0.0,0.0,0.0,0.0,0.000761,0.0,1.0,882,980,9,10,0,0,,5.236,0,ctrl_plane_fallback,NORMAL
run_20260506_000111,1778022073.2612002,00:01:13,IMS_CDN,4,1,4.4,7.198,0.0,0.5437,0,272.0,0.0,0.0,0,0.0,0.0,0.0,0.0,0.000761,0.0,1.0,882,980,9,10,0,0,,7.198,0,ctrl_plane_fallback,NORMAL
run_20260506_000111,1778022075.3223937,00:01:15,INDOOR_RAN,3,1,4.4,6.344,0.0,0.5325,0,263.4,0.0,0.0,0,0.0,0.0,0.0,0.0,0.0,0.0,1.0,0,196,0,2,0,0,,6.344,0,ctrl_plane_fallback,NORMAL
run_20260506_000111,1778022075.3238285,00:01:15,INTERNET,1,4,4.4,7.483,0.0,0.5168,0,274.8,0.9999,10.0,0,0.0,27482981.7,1.3,0.0001,0.00114,20.0,1.0,392,490,4,5,0,0,,7.483,0,ctrl_plane_fallback,NORMAL
run_20260506_000111,1778022075.3238285,00:01:15,OUTDOOR_RAN,1,1,4.4,7.483,0.0,0.5168,0,274.8,0.9996,10.0,0,0.0,5578423.3,1.3,0.0007,0.00114,20.0,1.0,1274,1274,13,13,0,0,,7.483,2,ctrl_plane_fallback,NORMAL
run_20260506_000111,1778022075.3238285,00:01:15,INDOOR_RAN,1,2,4.4,7.483,0.0,0.5168,0,274.8,0.9999,10.0,0,0.0,27482981.7,1.3,0.0001,0.0,20.0,1.0,0,196,0,2,0,0,,7.483,0,ctrl_plane_fallback,NORMAL
run_20260506_000111,1778022075.3238285,00:01:15,IMS_CDN,1,3,4.4,7.483,0.0,0.5168,0,274.8,0.9996,10.0,0,0.0,5578423.3,1.3,0.0007,0.0,20.0,1.0,882,980,9,10,0,0,,7.483,2,ctrl_plane_fallback,NORMAL
run_20260506_000111,1778022075.3249028,00:01:15,OUTDOOR_RAN,2,1,4.4,5.293,0.0,0.3237,0,252.9,0.0,0.0,0,0.0,0.0,0.0,0.0,0.001138,0.0,1.0,1470,1274,15,13,0,0,,5.293,0,ctrl_plane_fallback,NORMAL
run_20260506_000111,1778022075.3254747,00:01:15,IMS_CDN,4,1,4.4,8.667,0.0,0.6015,0,286.7,0.0,0.0,0,0.0,0.0,0.0,0.0,0.0,0.0,1.0,882,980,9,10,0,0,,8.667,0,ctrl_plane_fallback,NORMAL
run_20260506_000111,1778022075.3259325,00:01:15,INTERNET,5,1,4.4,4.11,0.0,0.6842,0,241.1,0.0,0.0,0,0.0,0.0,0.0,0.0,0.001137,0.0,1.0,392,490,4,5,0,0,,4.11,0,ctrl_plane_fallback,NORMAL
run_20260506_000111,1778022077.3833058,00:01:17,IMS_CDN,4,1,4.4,7.182,0.0,0.6567,0,271.8,0.0,0.0,0,0.0,0.0,0.0,0.0,0.0,0.0,1.0,882,980,9,10,0,0,,7.182,0,ctrl_plane_fallback,NORMAL
run_20260506_000111,1778022077.3846717,00:01:17,INTERNET,1,4,4.4,6.027,0.0,0.5755,0,260.3,0.9998,10.0,0,0.0,9372488.8,1.3,0.0004,0.001522,17.1,1.0,784,882,8,9,0,0,,6.027,0,ctrl_plane_fallback,NORMAL
run_20260506_000111,1778022077.3846717,00:01:17,OUTDOOR_RAN,1,1,4.4,6.027,0.0,0.5755,0,260.3,0.9996,10.0,0,0.0,4837732.8,1.3,0.0008,0.001522,17.1,1.0,1666,1666,17,17,0,0,,6.027,2,ctrl_plane_fallback,NORMAL
run_20260506_000111,1778022077.3846717,00:01:17,INDOOR_RAN,1,2,4.4,6.027,0.0,0.5755,0,260.3,0.9999,10.0,0,0.0,39261397.8,1.3,0.0001,0.0,17.1,1.0,0,196,0,2,0,0,,6.027,0,ctrl_plane_fallback,NORMAL
run_20260506_000111,1778022077.3846717,00:01:17,IMS_CDN,1,3,4.4,6.027,0.0,0.5755,0,260.3,0.9997,10.0,0,0.0,7969171.4,1.3,0.0005,0.0,17.1,1.0,882,980,9,10,0,0,,6.027,2,ctrl_plane_fallback,NORMAL
run_20260506_000111,1778022077.3857586,00:01:17,OUTDOOR_RAN,2,1,4.4,6.725,0.0,0.393,0,267.2,0.0,0.0,0,0.0,0.0,0.0,0.0,0.001522,0.0,1.0,1862,1666,19,17,0,0,,6.725,0,ctrl_plane_fallback,NORMAL
run_20260506_000111,1778022077.3878577,00:01:17,INDOOR_RAN,3,1,4.4,4.942,0.0,0.5868,0,249.4,0.0,0.0,0,0.0,0.0,0.0,0.0,0.0,0.0,1.0,0,196,0,2,0,0,,4.942,0,ctrl_plane_fallback,NORMAL
run_20260506_000111,1778022077.388222,00:01:17,INTERNET,5,1,4.4,7.544,0.0,0.8561,0,275.4,0.0,0.0,0,0.0,0.0,0.0,0.0,0.001521,0.0,1.0,784,882,8,9,0,0,,7.544,0,ctrl_plane_fallback,NORMAL
run_20260506_000111,1778022079.4471254,00:01:19,INDOOR_RAN,3,1,4.4,8.603,0.0,0.7789,0,286.0,0.0,0.0,0,0.0,0.0,0.0,0.0,0.000381,0.0,1.0,98,294,1,3,0,0,,8.603,0,ctrl_plane_fallback,NORMAL
run_20260506_000111,1778022079.4483762,00:01:19,INTERNET,1,4,4.4,6.024,0.0,0.5397,0,260.2,0.9996,10.0,0,0.0,5460631.0,1.3,0.0007,0.00038,17.0,1.0,882,980,9,10,0,0,,6.024,0,ctrl_plane_fallback,NORMAL
run_20260506_000111,1778022079.4483762,00:01:19,OUTDOOR_RAN,1,1,4.4,6.024,0.0,0.5397,0,260.2,0.9995,10.0,0,0.0,3950411.7,1.3,0.001,0.00038,17.0,1.0,1764,1764,18,18,0,0,,6.024,2,ctrl_plane_fallback,NORMAL
run_20260506_000111,1778022079.4483762,00:01:19,INDOOR_RAN,1,2,4.4,6.024,0.0,0.5397,0,260.2,1.0,10.0,0,0.0,56087708.5,1.3,0.0001,0.00038,17.0,1.0,98,294,1,3,0,0,,6.024,0,ctrl_plane_fallback,NORMAL
run_20260506_000111,1778022079.4483762,00:01:19,IMS_CDN,1,3,4.4,6.024,0.0,0.5397,0,260.2,0.9998,10.0,0,0.0,11384528.0,1.3,0.0004,0.00038,17.0,1.0,980,1078,10,11,0,0,,6.024,2,ctrl_plane_fallback,NORMAL
run_20260506_000111,1778022079.4494183,00:01:19,INTERNET,5,1,4.399,8.963,0.0,0.8913,0,289.6,0.0,0.0,0,0.0,0.0,0.0,0.0,0.00038,0.0,1.0,882,980,9,10,0,0,,8.963,0,ctrl_plane_fallback,NORMAL
run_20260506_000111,1778022079.4499004,00:01:19,IMS_CDN,4,1,4.4,4.92,0.0,0.7571,0,249.2,0.0,0.0,0,0.0,0.0,0.0,0.0,0.000379,0.0,1.0,980,1078,10,11,0,0,,4.92,0,ctrl_plane_fallback,NORMAL
run_20260506_000111,1778022079.450354,00:01:19,OUTDOOR_RAN,2,1,4.4,8.237,0.0,0.463,0,282.4,0.0,0.0,0,0.0,0.0,0.0,0.0,0.00038,0.0,1.0,1960,1764,20,18,0,0,,8.237,0,ctrl_plane_fallback,NORMAL
run_20260506_000111,1778022081.5127938,00:01:21,INTERNET,5,1,4.4,5.797,0.0,1.0334,0,258.0,0.0,0.0,0,0.0,0.0,0.0,0.0,0.0,0.0,1.0,882,980,9,10,0,0,,5.797,2,ctrl_plane_fallback,NORMAL
run_20260506_000111,1778022081.514191,00:01:21,OUTDOOR_RAN,2,1,4.4,6.716,0.0,0.5292,0,267.2,0.0,0.0,0,0.0,0.0,0.0,0.0,0.0,0.0,1.0,1960,1764,20,18,0,0,,6.716,4,ctrl_plane_fallback,NORMAL
run_20260506_000111,1778022081.515477,00:01:21,INTERNET,1,4,4.4,5.201,0.0,0.5574,0,252.0,0.9997,10.0,0,0.0,6440587.9,1.3,0.0006,0.0,15.4,1.0,882,980,9,10,0,0,,5.201,0,ctrl_plane_fallback,NORMAL
run_20260506_000111,1778022081.515477,00:01:21,OUTDOOR_RAN,1,1,4.4,5.201,0.0,0.5574,0,252.0,0.9996,10.0,0,0.0,4895439.0,1.3,0.0008,0.0,15.4,1.0,1764,1764,18,18,0,0,,5.201,2,ctrl_plane_fallback,NORMAL
run_20260506_000111,1778022081.515477,00:01:21,INDOOR_RAN,1,2,4.4,5.201,0.0,0.5574,0,252.0,0.9999,10.0,0,0.0,25280968.9,1.3,0.0002,0.001896,15.4,1.0,588,784,6,8,0,0,,5.201,0,ctrl_plane_fallback,NORMAL
run_20260506_000111,1778022081.515477,00:01:21,IMS_CDN,1,3,4.4,5.201,0.0,0.5574,0,252.0,0.9998,10.0,0,0.0,11291531.0,1.3,0.0004,0.001896,15.4,1.0,1470,1568,15,16,0,0,,5.201,2,ctrl_plane_fallback,NORMAL
run_20260506_000111,1778022081.516081,00:01:21,INDOOR_RAN,3,1,4.4,4.097,0.0,1.0118,0,241.0,0.0,0.0,0,0.0,0.0,0.0,0.0,0.001895,0.0,1.0,588,784,6,8,0,0,,4.097,2,ctrl_plane_fallback,NORMAL
run_20260506_000111,1778022081.516528,00:01:21,IMS_CDN,4,1,4.4,6.25,0.0,0.7929,0,262.5,0.0,0.0,0,0.0,0.0,0.0,0.0,0.001897,0.0,1.0,1470,1568,15,16,0,0,,6.25,4,ctrl_plane_fallback,NORMAL
run_20260506_000111,1778022083.5729818,00:01:23,INDOOR_RAN,3,1,4.399,9.011,0.0,1.2557,0,290.1,0.0,0.0,0,0.0,0.0,0.0,0.0,0.001525,0.0,1.0,980,1176,10,12,0,0,,9.011,2,ctrl_plane_fallback,NORMAL
run_20260506_000111,1778022083.5741553,00:01:23,INTERNET,1,4,4.4,8.56,0.0,0.7326,0,285.6,0.9998,10.0,0,0.0,9200841.0,1.3,0.0004,0.0,22.1,1.0,882,980,9,10,0,0,,8.56,2,ctrl_plane_fallback,NORMAL
run_20260506_000111,1778022083.5741553,00:01:23,OUTDOOR_RAN,1,1,4.4,8.56,0.0,0.7326,0,285.6,0.9997,10.0,0,0.0,6993485.4,1.3,0.0006,0.0,22.1,1.0,1764,1764,18,18,0,0,,8.56,4,ctrl_plane_fallback,NORMAL
run_20260506_000111,1778022083.5741553,00:01:23,INDOOR_RAN,1,2,4.4,8.56,0.0,0.7326,0,285.6,0.9997,10.0,0,0.0,6143314.0,1.3,0.0007,0.001523,22.1,1.0,980,1176,10,12,0,0,,8.56,2,ctrl_plane_fallback,NORMAL
run_20260506_000111,1778022083.5741553,00:01:23,IMS_CDN,1,3,4.4,8.56,0.0,0.7326,0,285.6,0.9996,10.0,0,0.0,5074002.8,1.3,0.0008,0.001523,22.1,1.0,1862,1960,19,20,0,0,,8.56,4,ctrl_plane_fallback,NORMAL
run_20260506_000111,1778022083.5753396,00:01:23,IMS_CDN,4,1,4.399,9.579,0.0,0.9514,0,295.8,0.0,0.0,0,0.0,0.0,0.0,0.0,0.001523,0.0,1.0,1862,1960,19,20,0,0,,9.579,4,ctrl_plane_fallback,NORMAL
run_20260506_000111,1778022083.576376,00:01:23,INTERNET,5,1,4.4,6.389,0.0,1.0058,0,263.9,0.0,0.0,0,0.0,0.0,0.0,0.0,0.0,0.0,1.0,882,980,9,10,0,0,,6.389,2,ctrl_plane_fallback,NORMAL
run_20260506_000111,1778022083.5773926,00:01:23,OUTDOOR_RAN,2,1,4.4,7.807,0.0,0.5643,0,278.1,0.0,0.0,0,0.0,0.0,0.0,0.0,0.0,0.0,1.0,1960,1764,20,18,0,0,,7.807,4,ctrl_plane_fallback,NORMAL
run_20260506_000111,1778022085.6354141,00:01:25,INTERNET,5,1,4.4,7.806,0.0,1.0315,0,278.1,0.0,0.0,0,0.0,0.0,0.0,0.0,0.000762,0.0,1.0,1078,1176,11,12,0,0,,7.806,2,ctrl_plane_fallback,NORMAL
run_20260506_000111,1778022085.6365473,00:01:25,INTERNET,1,4,4.4,5.739,0.0,0.8631,0,257.4,0.9998,10.0,0,0.0,13144052.1,1.3,0.0003,0.00076,16.5,1.0,1078,1176,11,12,0,0,,5.739,2,ctrl_plane_fallback,NORMAL
run_20260506_000111,1778022085.6365473,00:01:25,OUTDOOR_RAN,1,1,4.4,5.739,0.0,0.8631,0,257.4,0.9998,10.0,0,0.0,9990686.9,1.3,0.0004,0.0,16.5,1.0,1764,1764,18,18,0,0,,5.739,4,ctrl_plane_fallback,NORMAL
run_20260506_000111,1778022085.6365473,00:01:25,INDOOR_RAN,1,2,4.4,5.739,0.0,0.8631,0,257.4,0.9996,10.0,0,0.0,4495217.7,1.3,0.0009,0.00076,16.5,1.0,1274,1372,13,14,0,0,,5.739,2,ctrl_plane_fallback,NORMAL
run_20260506_000111,1778022085.6365473,00:01:25,IMS_CDN,1,3,4.4,5.739,0.0,0.8631,0,257.4,0.9995,10.0,0,0.0,4057259.7,1.3,0.001,0.0,16.5,1.0,1862,1960,19,20,0,0,,5.739,4,ctrl_plane_fallback,NORMAL
run_20260506_000111,1778022085.6376033,00:01:25,IMS_CDN,4,1,4.4,6.779,0.0,1.0669,0,267.8,0.0,0.0,0,0.0,0.0,0.0,0.0,0.0,0.0,1.0,1862,1960,19,20,0,0,,6.779,4,ctrl_plane_fallback,NORMAL
run_20260506_000111,1778022085.638157,00:01:25,OUTDOOR_RAN,2,1,4.4,8.892,0.0,0.5969,0,288.9,0.0,0.0,0,0.0,0.0,0.0,0.0,0.0,0.0,1.0,1960,1764,20,18,0,0,,8.892,4,ctrl_plane_fallback,NORMAL
run_20260506_000111,1778022085.6385906,00:01:25,INDOOR_RAN,3,1,4.4,4.544,0.0,1.4565,0,245.4,0.0,0.0,0,0.0,0.0,0.0,0.0,0.000759,0.0,1.0,1274,1372,13,14,0,0,,4.544,2,ctrl_plane_fallback,NORMAL
run_20260506_000111,1778022087.69881,00:01:27,OUTDOOR_RAN,2,1,4.4,6.201,0.0,0.7278,0,262.0,0.0,0.0,0,0.0,0.0,0.0,0.0,0.0,0.0,1.0,1960,1764,20,18,0,0,,6.201,4,ctrl_plane_fallback,NORMAL
run_20260506_000111,1778022087.7002506,00:01:27,INDOOR_RAN,3,1,4.4,6.552,0.0,1.491,0,265.5,0.0,0.0,0,0.0,0.0,0.0,0.0,0.000761,0.0,1.0,1666,1568,17,16,0,0,,6.552,2,ctrl_plane_fallback,NORMAL
run_20260506_000111,1778022087.7011275,00:01:27,INTERNET,1,4,4.4,5.089,0.0,0.8498,0,250.9,0.9998,10.0,0,0.0,9310467.5,1.3,0.0004,0.000759,15.2,1.0,1274,1372,13,14,0,0,,5.089,2,ctrl_plane_fallback,NORMAL
run_20260506_000111,1778022087.7011275,00:01:27,OUTDOOR_RAN,1,1,4.4,5.089,0.0,0.8498,0,250.9,0.9999,10.0,0,0.0,14272406.7,1.3,0.0003,0.0,15.2,1.0,1764,1764,18,18,0,0,,5.089,4,ctrl_plane_fallback,NORMAL
run_20260506_000111,1778022087.7011275,00:01:27,INDOOR_RAN,1,2,4.4,5.089,0.0,0.8498,0,250.9,0.9996,10.0,0,0.0,4764831.2,1.3,0.0008,0.000759,15.2,1.0,1470,1568,15,16,0,0,,5.089,2,ctrl_plane_fallback,NORMAL
run_20260506_000111,1778022087.7011275,00:01:27,IMS_CDN,1,3,4.4,5.089,0.0,0.8498,0,250.9,0.9997,10.0,0,0.0,5796082.1,1.3,0.0007,0.0,15.2,1.0,1862,1960,19,20,0,0,,5.089,4,ctrl_plane_fallback,NORMAL
run_20260506_000111,1778022087.7018125,00:01:27,INTERNET,5,1,4.4,4.021,0.0,1.2036,0,240.2,0.0,0.0,0,0.0,0.0,0.0,0.0,0.000759,0.0,1.0,1274,1372,13,14,0,0,,4.021,2,ctrl_plane_fallback,NORMAL
run_20260506_000111,1778022087.7022097,00:01:27,IMS_CDN,4,1,4.4,5.768,0.0,1.0634,0,257.7,0.0,0.0,0,0.0,0.0,0.0,0.0,0.0,0.0,1.0,1862,1960,19,20,0,0,,5.768,4,ctrl_plane_fallback,NORMAL
run_20260506_000111,1778022089.758668,00:01:29,OUTDOOR_RAN,2,1,4.4,5.13,0.0,0.7492,0,251.3,0.0,0.0,0,0.0,0.0,0.0,0.0,0.0,0.0,1.0,1960,1764,20,18,0,0,,5.13,4,ctrl_plane_fallback,NORMAL
run_20260506_000111,1778022089.760204,00:01:29,INDOOR_RAN,3,1,4.4,6.017,0.0,1.4312,0,260.2,0.0,0.0,0,0.0,0.0,0.0,0.0,0.0,0.0,1.0,1960,1568,20,16,0,0,,6.017,2,ctrl_plane_fallback,NORMAL
run_20260506_000111,1778022089.761302,00:01:29,INTERNET,1,4,4.4,6.829,0.0,0.9055,0,268.3,0.9997,10.0,0,0.0,7736173.5,1.3,0.0005,0.000761,18.7,1.0,1470,1568,15,16,0,0,,6.829,2,ctrl_plane_fallback,NORMAL
run_20260506_000111,1778022089.761302,00:01:29,OUTDOOR_RAN,1,1,4.4,6.829,0.0,0.9055,0,268.3,0.9999,10.0,0,0.0,20389152.0,1.3,0.0002,0.0,18.7,1.0,1764,1764,18,18,0,0,,6.829,4,ctrl_plane_fallback,NORMAL
run_20260506_000111,1778022089.761302,00:01:29,INDOOR_RAN,1,2,4.4,6.829,0.0,0.9055,0,268.3,0.9996,10.0,0,0.0,4975412.8,1.3,0.0008,0.0,18.7,1.0,1764,1568,18,16,0,0,,6.829,2,ctrl_plane_fallback,NORMAL
run_20260506_000111,1778022089.761302,00:01:29,IMS_CDN,1,3,4.4,6.829,0.0,0.9055,0,268.3,0.9998,10.0,0,0.0,8280116.9,1.3,0.0005,0.0,18.7,1.0,1862,1960,19,20,0,0,,6.829,4,ctrl_plane_fallback,NORMAL
run_20260506_000111,1778022089.7623467,00:01:29,INTERNET,5,1,4.4,7.224,0.0,1.3286,0,272.2,0.0,0.0,0,0.0,0.0,0.0,0.0,0.000761,0.0,1.0,1470,1568,15,16,0,0,,7.224,2,ctrl_plane_fallback,NORMAL
run_20260506_000111,1778022089.7632365,00:01:29,IMS_CDN,4,1,4.4,7.676,0.0,1.1162,0,276.8,0.0,0.0,0,0.0,0.0,0.0,0.0,0.0,0.0,1.0,1862,1960,19,20,0,0,,7.676,4,ctrl_plane_fallback,NORMAL
run_20260506_000111,1778022091.8235044,00:01:31,IMS_CDN,4,1,4.4,8.405,0.0,1.092,0,284.1,0.0,0.0,0,0.0,0.0,0.0,0.0,0.000381,0.0,1.0,1862,2058,19,21,0,0,,8.405,6,ctrl_plane_fallback,NORMAL
run_20260506_000111,1778022091.8251626,00:01:31,INDOOR_RAN,3,1,4.4,5.67,0.0,1.3634,0,256.7,0.0,0.0,0,0.0,0.0,0.0,0.0,0.00038,0.0,1.0,1960,1666,20,17,0,0,,5.67,4,ctrl_plane_fallback,NORMAL
run_20260506_000111,1778022091.8263576,00:01:31,INTERNET,1,4,4.4,6.738,0.0,0.8545,0,267.4,0.9997,10.0,0,0.0,6910601.8,1.3,0.0006,0.00038,18.5,1.0,1470,1666,15,17,0,0,,6.738,2,ctrl_plane_fallback,NORMAL
run_20260506_000111,1778022091.8263576,00:01:31,OUTDOOR_RAN,1,1,4.4,6.738,0.0,0.8545,0,267.4,0.9999,10.0,0,0.0,29127357.0,1.3,0.0001,0.001139,18.5,1.0,2058,2058,21,21,0,0,,6.738,4,ctrl_plane_fallback,NORMAL
run_20260506_000111,1778022091.8263576,00:01:31,INDOOR_RAN,1,2,4.4,6.738,0.0,0.8545,0,267.4,0.9997,10.0,0,0.0,7107729.6,1.3,0.0006,0.00038,18.5,1.0,1764,1666,18,17,0,0,,6.738,2,ctrl_plane_fallback,NORMAL
run_20260506_000111,1778022091.8263576,00:01:31,IMS_CDN,1,3,4.4,6.738,0.0,0.8545,0,267.4,0.9998,10.0,0,0.0,11828735.4,1.3,0.0003,0.001139,18.5,1.0,2156,2254,22,23,0,0,,6.738,4,ctrl_plane_fallback,NORMAL
run_20260506_000111,1778022091.8278844,00:01:31,INTERNET,5,1,4.4,7.54,0.0,1.2653,0,275.4,0.0,0.0,0,0.0,0.0,0.0,0.0,0.00038,0.0,1.0,1470,1666,15,17,0,0,,7.54,4,ctrl_plane_fallback,NORMAL
run_20260506_000111,1778022091.8290749,00:01:31,OUTDOOR_RAN,2,1,4.4,4.541,0.0,0.7392,0,245.4,0.0,0.0,0,0.0,0.0,0.0,0.0,0.000379,0.0,1.0,1960,1862,20,19,0,0,,4.541,6,ctrl_plane_fallback,NORMAL
run_20260506_000111,1778022093.8858142,00:01:33,IMS_CDN,4,1,4.4,5.751,0.0,1.1897,0,257.5,0.0,0.0,0,0.0,0.0,0.0,0.0,0.0,0.0,1.0,1862,2058,19,21,0,0,,5.751,6,ctrl_plane_fallback,NORMAL
run_20260506_000111,1778022093.887324,00:01:33,OUTDOOR_RAN,2,1,4.398,11.152,0.0,1.1062,0,311.5,0.0,0.0,0,0.0,0.0,0.0,0.0,0.0,0.0,1.0,1960,1862,20,19,0,0,,11.152,6,ctrl_plane_fallback,NORMAL
run_20260506_000111,1778022093.8883312,00:01:33,INTERNET,1,4,4.4,8.478,0.0,0.9098,0,284.8,0.9997,10.0,0,0.0,7790067.1,1.3,0.0005,0.0,22.0,1.0,1470,1666,15,17,0,0,,8.478,4,ctrl_plane_fallback,NORMAL
run_20260506_000111,1778022093.8883312,00:01:33,OUTDOOR_RAN,1,1,4.4,8.478,0.0,0.9098,0,284.8,0.9998,10.0,0,0.0,9506963.9,1.3,0.0004,0.001521,22.0,1.0,2450,2450,25,25,0,0,,8.478,6,ctrl_plane_fallback,NORMAL
run_20260506_000111,1778022093.8883312,00:01:33,INDOOR_RAN,1,2,4.4,8.478,0.0,0.9098,0,284.8,0.9997,10.0,0,0.0,7964364.8,1.3,0.0005,0.0,22.0,1.0,1764,1666,18,17,0,0,,8.478,4,ctrl_plane_fallback,NORMAL
run_20260506_000111,1778022093.8883312,00:01:33,IMS_CDN,1,3,4.4,8.478,0.0,0.9098,0,284.8,0.9997,10.0,0,0.0,7125981.8,1.3,0.0006,0.001521,22.0,1.0,2548,2646,26,27,0,0,,8.478,6,ctrl_plane_fallback,NORMAL
run_20260506_000111,1778022093.8887677,00:01:33,INTERNET,5,1,4.399,9.705,0.0,1.3215,0,297.1,0.0,0.0,0,0.0,0.0,0.0,0.0,0.0,0.0,1.0,1470,1666,15,17,0,0,,9.705,4,ctrl_plane_fallback,NORMAL
run_20260506_000111,1778022093.889117,00:01:33,INDOOR_RAN,3,1,4.4,6.924,0.0,1.3566,0,269.2,0.0,0.0,0,0.0,0.0,0.0,0.0,0.0,0.0,1.0,1960,1666,20,17,0,0,,6.924,4,ctrl_plane_fallback,NORMAL
run_20260506_000111,1778022095.9524014,00:01:35,INDOOR_RAN,3,1,4.4,6.86,0.0,1.2759,0,268.6,0.0,0.0,0,0.0,0.0,0.0,0.0,0.0,0.0,1.0,1960,1666,20,17,0,0,,6.86,4,ctrl_plane_fallback,NORMAL
run_20260506_000111,1778022095.9535258,00:01:35,OUTDOOR_RAN,2,1,4.4,5.615,0.0,1.3831,0,256.1,0.0,0.0,0,0.0,0.0,0.0,0.0,0.0,0.0,1.0,1960,1862,20,19,0,0,,5.615,6,ctrl_plane_fallback,NORMAL
run_20260506_000111,1778022095.9546046,00:01:35,INTERNET,1,4,4.4,6.162,0.0,0.9977,0,261.6,0.9998,10.0,0,0.0,11128661.4,1.3,0.0004,0.0,17.3,1.0,1470,1666,15,17,0,0,,6.162,4,ctrl_plane_fallback,NORMAL
run_20260506_000111,1778022095.9546046,00:01:35,OUTDOOR_RAN,1,1,4.4,6.162,0.0,0.9977,0,261.6,0.9996,10.0,0,0.0,5494464.8,1.3,0.0007,0.001138,17.3,1.0,2744,2744,28,28,0,0,,6.162,6,ctrl_plane_fallback,NORMAL
run_20260506_000111,1778022095.9546046,00:01:35,INDOOR_RAN,1,2,4.4,6.162,0.0,0.9977,0,261.6,0.9998,10.0,0,0.0,11377658.1,1.3,0.0004,0.0,17.3,1.0,1764,1666,18,17,0,0,,6.162,4,ctrl_plane_fallback,NORMAL
run_20260506_000111,1778022095.9546046,00:01:35,IMS_CDN,1,3,4.4,6.162,0.0,0.9977,0,261.6,0.9996,10.0,0,0.0,4840196.5,1.3,0.0008,0.001138,17.3,1.0,2842,2940,29,30,0,0,,6.162,6,ctrl_plane_fallback,NORMAL
run_20260506_000111,1778022095.9552708,00:01:35,INTERNET,5,1,4.4,6.51,0.0,1.4386,0,265.1,0.0,0.0,0,0.0,0.0,0.0,0.0,0.0,0.0,1.0,1470,1666,15,17,0,0,,6.51,4,ctrl_plane_fallback,NORMAL
run_20260506_000111,1778022095.9556286,00:01:35,IMS_CDN,4,1,4.4,4.375,0.0,1.2013,0,243.8,0.0,0.0,0,0.0,0.0,0.0,0.0,0.0,0.0,1.0,1862,2058,19,21,0,0,,4.375,6,ctrl_plane_fallback,NORMAL
run_20260506_000111,1778022098.0107043,00:01:38,INTERNET,5,1,4.399,8.37,0.0,1.4649,0,283.7,0.0,0.0,0,0.0,0.0,0.0,0.0,0.000381,0.0,1.0,1470,1764,15,18,0,0,,8.37,4,ctrl_plane_fallback,NORMAL
run_20260506_000111,1778022098.0120778,00:01:38,INTERNET,1,4,4.4,8.011,0.0,1.0509,0,280.1,0.9999,10.0,0,0.0,15898086.9,1.3,0.0003,0.001524,21.0,1.0,1862,2058,19,21,0,0,,8.011,4,ctrl_plane_fallback,NORMAL
run_20260506_000111,1778022098.0120778,00:01:38,OUTDOOR_RAN,1,1,4.4,8.011,0.0,1.0509,0,280.1,0.9996,10.0,0,0.0,4796548.7,1.3,0.0008,0.001524,21.0,1.0,3136,3136,32,32,0,0,,8.011,6,ctrl_plane_fallback,NORMAL
run_20260506_000111,1778022098.0120778,00:01:38,INDOOR_RAN,1,2,4.4,8.011,0.0,1.0509,0,280.1,0.9999,10.0,0,0.0,16253796.4,1.3,0.0002,0.000381,21.0,1.0,1764,1764,18,18,0,0,,8.011,4,ctrl_plane_fallback,NORMAL
run_20260506_000111,1778022098.0120778,00:01:38,IMS_CDN,1,3,4.4,8.011,0.0,1.0509,0,280.1,0.9995,10.0,0,0.0,4430571.8,1.3,0.0009,0.0,21.0,1.0,2842,2940,29,30,0,0,,8.011,6,ctrl_plane_fallback,NORMAL
run_20260506_000111,1778022098.0132518,00:01:38,INDOOR_RAN,3,1,4.4,6.131,0.0,1.2416,0,261.3,0.0,0.0,0,0.0,0.0,0.0,0.0,0.00038,0.0,1.0,1960,1764,20,18,0,0,,6.131,4,ctrl_plane_fallback,NORMAL
run_20260506_000111,1778022098.0138273,00:01:38,OUTDOOR_RAN,2,1,4.4,7.211,0.0,1.3964,0,272.1,0.0,0.0,0,0.0,0.0,0.0,0.0,0.000381,0.0,1.0,1960,1960,20,20,0,0,,7.211,6,ctrl_plane_fallback,NORMAL
run_20260506_000111,1778022098.0143232,00:01:38,IMS_CDN,4,1,4.399,8.818,0.0,1.4039,0,288.2,0.0,0.0,0,0.0,0.0,0.0,0.0,0.0,0.0,1.0,1862,2058,19,21,0,0,,8.818,6,ctrl_plane_fallback,NORMAL
run_20260506_000111,1778022100.0732462,00:01:40,IMS_CDN,4,1,4.4,7.083,0.0,1.4246,0,270.8,0.0,0.0,0,0.0,0.0,0.0,0.0,0.0,0.0,1.0,1862,2058,19,21,0,0,,7.083,6,ctrl_plane_fallback,NORMAL
run_20260506_000111,1778022100.0746517,00:01:40,INTERNET,1,4,4.4,5.42,0.0,1.1471,0,254.2,0.9997,10.0,0,0.0,6552420.8,1.3,0.0006,0.00152,15.8,1.0,2254,2450,23,25,0,0,,5.42,4,ctrl_plane_fallback,NORMAL
run_20260506_000111,1778022100.0746517,00:01:40,OUTDOOR_RAN,1,1,4.4,5.42,0.0,1.1471,0,254.2,0.9995,10.0,0,0.0,3928915.6,1.3,0.001,0.00152,15.8,1.0,3528,3528,36,36,0,0,,5.42,6,ctrl_plane_fallback,NORMAL
run_20260506_000111,1778022100.0746517,00:01:40,INDOOR_RAN,1,2,4.4,5.42,0.0,1.1471,0,254.2,0.9999,10.0,0,0.0,14242355.3,1.3,0.0003,0.0,15.8,1.0,1764,1764,18,18,0,0,,5.42,4,ctrl_plane_fallback,NORMAL
run_20260506_000111,1778022100.0746517,00:01:40,IMS_CDN,1,3,4.4,5.42,0.0,1.1471,0,254.2,0.9997,10.0,0,0.0,6329382.2,1.3,0.0006,0.0,15.8,1.0,2842,2940,29,30,0,0,,5.42,6,ctrl_plane_fallback,NORMAL
run_20260506_000111,1778022100.0757477,00:01:40,INTERNET,5,1,4.4,4.166,0.0,1.6361,0,241.7,0.0,0.0,0,0.0,0.0,0.0,0.0,0.0,0.0,1.0,1470,1764,15,18,0,0,,4.166,4,ctrl_plane_fallback,NORMAL
run_20260506_000111,1778022100.076116,00:01:40,OUTDOOR_RAN,2,1,4.4,6.634,0.0,1.3452,0,266.3,0.0,0.0,0,0.0,0.0,0.0,0.0,0.0,0.0,1.0,1960,1960,20,20,0,0,,6.634,6,ctrl_plane_fallback,NORMAL
run_20260506_000111,1778022100.0765736,00:01:40,INDOOR_RAN,3,1,4.4,6.116,0.0,1.165,0,261.2,0.0,0.0,0,0.0,0.0,0.0,0.0,0.0,0.0,1.0,1960,1764,20,18,0,0,,6.116,4,ctrl_plane_fallback,NORMAL
run_20260506_000111,1778022102.1347458,00:01:42,IMS_CDN,4,1,4.4,5.153,0.0,1.4562,0,251.5,0.0,0.0,0,0.0,0.0,0.0,0.0,0.000761,0.0,1.0,1862,2254,19,23,0,0,,5.153,5,ctrl_plane_fallback,NORMAL
run_20260506_000111,1778022102.1362948,00:01:42,INTERNET,5,1,4.4,6.739,0.0,1.6946,0,267.4,0.0,0.0,0,0.0,0.0,0.0,0.0,0.001902,0.0,1.0,2058,2254,21,23,0,0,,6.739,12,ctrl_plane_fallback,NORMAL
run_20260506_000111,1778022102.1372623,00:01:42,INDOOR_RAN,3,1,4.4,7.565,0.0,1.1827,0,275.6,0.0,0.0,0,0.0,0.0,0.0,0.0,0.000761,0.0,1.0,1960,1960,20,20,0,0,,7.565,4,ctrl_plane_fallback,NORMAL
run_20260506_000111,1778022102.138161,00:01:42,INTERNET,1,4,4.4,6.256,0.0,1.1276,0,262.6,0.9996,10.0,0,0.0,4648340.4,1.3,0.0009,0.00228,17.5,1.0,2940,3038,30,31,0,0,,6.256,4,ctrl_plane_fallback,NORMAL
run_20260506_000111,1778022102.138161,00:01:42,OUTDOOR_RAN,1,1,4.4,6.256,0.0,1.1276,0,262.6,0.9994,10.0,0,0.0,3490816.3,1.3,0.0011,0.00228,17.5,1.0,4018,4116,41,42,0,0,,6.256,6,ctrl_plane_fallback,NORMAL
run_20260506_000111,1778022102.138161,00:01:42,INDOOR_RAN,1,2,4.4,6.256,0.0,1.1276,0,262.6,0.9999,10.0,0,0.0,20346220.3,1.3,0.0002,0.00076,17.5,1.0,1764,1960,18,20,0,0,,6.256,4,ctrl_plane_fallback,NORMAL
run_20260506_000111,1778022102.138161,00:01:42,IMS_CDN,1,3,4.4,6.256,0.0,1.1276,0,262.6,0.9998,10.0,0,0.0,9041973.1,1.3,0.0004,0.00076,17.5,1.0,2940,3136,30,32,0,0,,6.256,6,ctrl_plane_fallback,NORMAL
run_20260506_000111,1778022102.1394663,00:01:42,OUTDOOR_RAN,2,1,4.4,7.197,0.0,1.2963,0,272.0,0.0,0.0,0,0.0,0.0,0.0,0.0,0.00114,0.0,1.0,2058,2254,21,23,0,0,,7.197,9,ctrl_plane_fallback,NORMAL
run_20260506_000111,1778022104.1985712,00:01:44,OUTDOOR_RAN,2,1,4.398,10.027,0.0,1.3921,0,300.3,0.0,0.0,0,0.0,0.0,0.0,0.0,0.0,0.0,1.0,2058,2254,21,23,0,0,,10.027,9,ctrl_plane_fallback,NORMAL
run_20260506_000111,1778022104.2000134,00:01:44,INTERNET,1,4,4.399,9.126,0.0,1.2366,0,291.3,0.9994,10.0,0,0.0,3194472.9,1.3,0.0013,0.0,23.3,1.0,2940,3038,30,31,0,0,,9.126,12,ctrl_plane_fallback,NORMAL
run_20260506_000111,1778022104.2000134,00:01:44,OUTDOOR_RAN,1,1,4.399,9.126,0.0,1.2366,0,291.3,0.9993,10.0,0,0.0,2755008.3,1.3,0.0015,0.0,23.3,1.0,4018,4116,41,42,0,0,,9.126,9,ctrl_plane_fallback,NORMAL
run_20260506_000111,1778022104.2000134,00:01:44,INDOOR_RAN,1,2,4.399,9.126,0.0,1.2366,0,291.3,0.9998,10.0,0,0.0,11292498.3,1.3,0.0004,0.0,23.3,1.0,1764,1960,18,20,0,0,,9.126,4,ctrl_plane_fallback,NORMAL
run_20260506_000111,1778022104.2000134,00:01:44,IMS_CDN,1,3,4.399,9.126,0.0,1.2366,0,291.3,0.9997,10.0,0,0.0,7600711.7,1.3,0.0005,0.0,23.3,1.0,2940,3136,30,32,0,0,,9.126,5,ctrl_plane_fallback,NORMAL
run_20260506_000111,1778022104.201035,00:01:44,INTERNET,5,1,4.4,7.03,0.0,1.6069,0,270.3,0.0,0.0,0,0.0,0.0,0.0,0.0,0.0,0.0,1.0,2058,2254,21,23,0,0,,7.03,12,ctrl_plane_fallback,NORMAL
run_20260506_000111,1778022104.2013884,00:01:44,INDOOR_RAN,3,1,4.4,7.626,0.0,1.1126,0,276.3,0.0,0.0,0,0.0,0.0,0.0,0.0,0.0,0.0,1.0,1960,1960,20,20,0,0,,7.626,4,ctrl_plane_fallback,NORMAL
run_20260506_000111,1778022104.2017422,00:01:44,IMS_CDN,4,1,4.4,5.908,0.0,1.4124,0,259.1,0.0,0.0,0,0.0,0.0,0.0,0.0,0.0,0.0,1.0,1862,2254,19,23,0,0,,5.908,5,ctrl_plane_fallback,NORMAL
run_20260506_000111,1778022106.2629483,00:01:46,INTERNET,5,1,4.4,6.88,0.0,1.5158,0,268.8,0.0,0.0,0,0.0,0.0,0.0,0.0,0.00038,0.0,1.0,2254,2352,23,24,0,0,,6.88,12,ctrl_plane_fallback,NORMAL
run_20260506_000111,1778022106.2641447,00:01:46,OUTDOOR_RAN,2,1,4.4,5.373,0.0,1.596,0,253.7,0.0,0.0,0,0.0,0.0,0.0,0.0,0.00038,0.0,1.0,2058,2352,21,24,0,0,,5.373,9,ctrl_plane_fallback,NORMAL
run_20260506_000111,1778022106.2651443,00:01:46,IMS_CDN,4,1,4.4,7.685,0.0,1.4352,0,276.9,0.0,0.0,0,0.0,0.0,0.0,0.0,0.00038,0.0,1.0,1862,2352,19,24,0,0,,7.685,5,ctrl_plane_fallback,NORMAL
run_20260506_000111,1778022106.2657104,00:01:46,INDOOR_RAN,3,1,4.4,7.233,0.0,1.0676,0,272.3,0.0,0.0,0,0.0,0.0,0.0,0.0,0.00038,0.0,1.0,1960,2058,20,21,0,0,,7.233,4,ctrl_plane_fallback,NORMAL
run_20260506_000111,1778022106.2660627,00:01:46,INTERNET,1,4,4.4,6.415,0.0,1.3288,0,264.1,0.9996,10.0,0,0.0,4563526.1,1.3,0.0009,0.000379,17.8,1.0,3136,3136,32,32,0,0,,6.415,12,ctrl_plane_fallback,NORMAL
run_20260506_000111,1778022106.2660627,00:01:46,OUTDOOR_RAN,1,1,4.4,6.415,0.0,1.3288,0,264.1,0.9995,10.0,0,0.0,3935719.5,1.3,0.001,0.000379,17.8,1.0,4018,4214,41,43,0,0,,6.415,9,ctrl_plane_fallback,NORMAL
run_20260506_000111,1778022106.2660627,00:01:46,INDOOR_RAN,1,2,4.4,6.415,0.0,1.3288,0,264.1,0.9999,10.0,0,0.0,16132133.8,1.3,0.0002,0.000379,17.8,1.0,1862,2058,19,21,0,0,,6.415,4,ctrl_plane_fallback,NORMAL
run_20260506_000111,1778022106.2660627,00:01:46,IMS_CDN,1,3,4.4,6.415,0.0,1.3288,0,264.1,0.9998,10.0,0,0.0,10858153.0,1.3,0.0004,0.000759,17.8,1.0,3038,3332,31,34,0,0,,6.415,5,ctrl_plane_fallback,NORMAL
run_20260506_000111,1778022108.3269749,00:01:48,OUTDOOR_RAN,2,1,4.4,5.33,0.0,1.4989,0,253.3,0.0,0.0,0,0.0,0.0,0.0,0.0,0.0,0.0,1.0,2058,2352,21,24,0,0,,5.33,9,ctrl_plane_fallback,NORMAL
run_20260506_000111,1778022108.3286521,00:01:48,INTERNET,5,1,4.4,4.323,0.0,1.5809,0,243.2,0.0,0.0,0,0.0,0.0,0.0,0.0,0.000759,0.0,1.0,2450,2548,25,26,0,0,,4.323,12,ctrl_plane_fallback,NORMAL
run_20260506_000111,1778022108.3294907,00:01:48,INDOOR_RAN,3,1,4.4,6.359,0.0,1.0556,0,263.6,0.0,0.0,0,0.0,0.0,0.0,0.0,0.0,0.0,1.0,1960,2058,20,21,0,0,,6.359,4,ctrl_plane_fallback,NORMAL
run_20260506_000111,1778022108.3299751,00:01:48,IMS_CDN,4,1,4.4,6.008,0.0,1.4503,0,260.1,0.0,0.0,0,0.0,0.0,0.0,0.0,0.000759,0.0,1.0,1960,2548,20,26,0,0,,6.008,5,ctrl_plane_fallback,NORMAL
run_20260506_000111,1778022108.330422,00:01:48,INTERNET,1,4,4.4,6.802,0.0,1.2699,0,268.0,0.9996,10.0,0,0.0,5543424.6,1.3,0.0007,0.00076,18.6,1.0,3332,3332,34,34,0,0,,6.802,12,ctrl_plane_fallback,NORMAL
run_20260506_000111,1778022108.330422,00:01:48,OUTDOOR_RAN,1,1,4.4,6.802,0.0,1.2699,0,268.0,0.9996,10.0,0,0.0,4881335.7,1.3,0.0008,0.0,18.6,1.0,4018,4214,41,43,0,0,,6.802,9,ctrl_plane_fallback,NORMAL
run_20260506_000111,1778022108.330422,00:01:48,INDOOR_RAN,1,2,4.4,6.802,0.0,1.2699,0,268.0,0.9999,10.0,0,0.0,14205475.8,1.3,0.0003,0.0,18.6,1.0,1862,2058,19,21,0,0,,6.802,4,ctrl_plane_fallback,NORMAL
run_20260506_000111,1778022108.330422,00:01:48,IMS_CDN,1,3,4.4,6.802,0.0,1.2699,0,268.0,0.9998,10.0,0,0.0,8435517.0,1.3,0.0005,0.00076,18.6,1.0,3332,3528,34,36,0,0,,6.802,5,ctrl_plane_fallback,NORMAL
run_20260506_000111,1778022110.3944228,00:01:50,INTERNET,5,1,4.399,7.694,0.0,1.6927,0,276.9,0.0,0.0,0,0.0,0.0,0.0,0.0,0.0,0.0,1.0,2450,2548,25,26,0,0,,7.694,12,ctrl_plane_fallback,NORMAL
run_20260506_000111,1778022110.3959064,00:01:50,IMS_CDN,4,1,4.399,8.748,0.0,1.5308,0,287.5,0.0,0.0,0,0.0,0.0,0.0,0.0,0.0,0.0,1.0,1960,2548,20,26,0,0,,8.748,5,ctrl_plane_fallback,NORMAL
run_20260506_000111,1778022110.3969917,00:01:50,OUTDOOR_RAN,2,1,4.4,6.843,0.0,1.4998,0,268.4,0.0,0.0,0,0.0,0.0,0.0,0.0,0.0,0.0,1.0,2058,2352,21,24,0,0,,6.843,9,ctrl_plane_fallback,NORMAL
run_20260506_000111,1778022110.397626,00:01:50,INTERNET,1,4,4.399,9.211,0.0,1.3411,0,292.1,0.9996,10.0,0,0.0,5542451.1,1.3,0.0007,0.0,23.4,1.0,3332,3332,34,34,0,0,,9.211,12,ctrl_plane_fallback,NORMAL
run_20260506_000111,1778022110.397626,00:01:50,OUTDOOR_RAN,1,1,4.399,9.211,0.0,1.3411,0,292.1,0.9997,10.0,0,0.0,6973336.2,1.3,0.0006,0.0,23.4,1.0,4018,4214,41,43,0,0,,9.211,9,ctrl_plane_fallback,NORMAL
run_20260506_000111,1778022110.397626,00:01:50,INDOOR_RAN,1,2,4.399,9.211,0.0,1.3411,0,292.1,0.9999,10.0,0,0.0,20293536.3,1.3,0.0002,0.0,23.4,1.0,1862,2058,19,21,0,0,,9.211,4,ctrl_plane_fallback,NORMAL
run_20260506_000111,1778022110.397626,00:01:50,IMS_CDN,1,3,4.399,9.211,0.0,1.3411,0,292.1,0.9997,10.0,0,0.0,7292224.9,1.3,0.0005,0.0,23.4,1.0,3332,3528,34,36,0,0,,9.211,5,ctrl_plane_fallback,NORMAL
run_20260506_000111,1778022110.398074,00:01:50,INDOOR_RAN,3,1,4.4,8.301,0.0,1.111,0,283.0,0.0,0.0,0,0.0,0.0,0.0,0.0,0.0,0.0,1.0,1960,2058,20,21,0,0,,8.301,4,ctrl_plane_fallback,NORMAL
run_20260506_000111,1778022112.462154,00:01:52,INTERNET,5,1,4.4,5.257,0.0,1.7393,0,252.6,0.0,0.0,0,0.0,0.0,0.0,0.0,0.0,0.0,1.0,2450,2548,25,26,0,0,,5.257,15,ctrl_plane_fallback,NORMAL
run_20260506_000111,1778022112.4635034,00:01:52,INTERNET,1,4,4.4,7.564,0.0,1.3603,0,275.6,0.9997,10.0,0,0.0,7917781.7,1.3,0.0005,0.0,20.1,1.0,3332,3332,34,34,0,0,,7.564,12,ctrl_plane_fallback,NORMAL
run_20260506_000111,1778022112.4635034,00:01:52,OUTDOOR_RAN,1,1,4.4,7.564,0.0,1.3603,0,275.6,0.9998,10.0,0,0.0,9961903.3,1.3,0.0004,0.001138,20.1,1.0,4312,4508,44,46,0,0,,7.564,9,ctrl_plane_fallback,NORMAL
run_20260506_000111,1778022112.4635034,00:01:52,INDOOR_RAN,1,2,4.4,7.564,0.0,1.3603,0,275.6,0.9999,10.0,0,0.0,28990760.6,1.3,0.0001,0.000379,20.1,1.0,1862,2156,19,22,0,0,,7.564,4,ctrl_plane_fallback,NORMAL
run_20260506_000111,1778022112.4635034,00:01:52,IMS_CDN,1,3,4.4,7.564,0.0,1.3603,0,275.6,0.9998,10.0,0,0.0,10417458.5,1.3,0.0004,0.001138,20.1,1.0,3724,3822,38,39,0,0,,7.564,5,ctrl_plane_fallback,NORMAL
run_20260506_000111,1778022112.4646168,00:01:52,INDOOR_RAN,3,1,4.4,7.944,0.0,1.0638,0,279.4,0.0,0.0,0,0.0,0.0,0.0,0.0,0.000379,0.0,1.0,2058,2156,21,22,0,0,,7.944,7,ctrl_plane_fallback,NORMAL
run_20260506_000111,1778022112.4650786,00:01:52,OUTDOOR_RAN,2,1,4.4,7.115,0.0,1.423,0,271.1,0.0,0.0,0,0.0,0.0,0.0,0.0,0.000379,0.0,1.0,2156,2450,22,25,0,0,,7.115,15,ctrl_plane_fallback,NORMAL
run_20260506_000111,1778022112.4657822,00:01:52,IMS_CDN,4,1,4.4,6.355,0.0,1.5847,0,263.6,0.0,0.0,0,0.0,0.0,0.0,0.0,0.000379,0.0,1.0,1960,2646,20,27,0,0,,6.355,16,ctrl_plane_fallback,NORMAL
run_20260506_000111,1778022114.5265586,00:01:54,OUTDOOR_RAN,2,1,4.398,10.227,0.0,1.5286,0,302.3,0.0,0.0,0,0.0,0.0,0.0,0.0,0.00038,0.0,1.0,2254,2548,23,26,0,0,,10.227,15,ctrl_plane_fallback,NORMAL
run_20260506_000111,1778022114.5283723,00:01:54,IMS_CDN,4,1,4.398,10.928,0.0,1.7715,0,309.3,0.0,0.0,0,0.0,0.0,0.0,0.0,0.00076,0.0,1.0,2058,2842,21,29,0,0,,10.928,16,ctrl_plane_fallback,NORMAL
run_20260506_000111,1778022114.5294485,00:01:54,INDOOR_RAN,3,1,4.399,9.701,0.0,1.1072,0,297.0,0.0,0.0,0,0.0,0.0,0.0,0.0,0.0,0.0,1.0,2058,2156,21,22,0,0,,9.701,7,ctrl_plane_fallback,NORMAL
run_20260506_000111,1778022114.529844,00:01:54,INTERNET,1,4,4.399,9.127,0.0,1.373,0,291.3,0.9998,10.0,0,0.0,11311115.0,1.3,0.0004,0.000759,23.3,1.0,3626,3528,37,36,0,0,,9.127,15,ctrl_plane_fallback,NORMAL
run_20260506_000111,1778022114.529844,00:01:54,OUTDOOR_RAN,1,1,4.399,9.127,0.0,1.373,0,291.3,0.9997,10.0,0,0.0,6607200.1,1.3,0.0006,0.000379,23.3,1.0,4410,4606,45,47,0,0,,9.127,15,ctrl_plane_fallback,NORMAL
run_20260506_000111,1778022114.529844,00:01:54,INDOOR_RAN,1,2,4.399,9.127,0.0,1.373,0,291.3,0.9999,10.0,0,0.0,19550588.2,1.3,0.0002,0.000379,23.3,1.0,1960,2254,20,23,0,0,,9.127,7,ctrl_plane_fallback,NORMAL
run_20260506_000111,1778022114.529844,00:01:54,IMS_CDN,1,3,4.399,9.127,0.0,1.373,0,291.3,0.9997,10.0,0,0.0,6744123.4,1.3,0.0006,0.000759,23.3,1.0,3920,4018,40,41,0,0,,9.127,16,ctrl_plane_fallback,NORMAL
run_20260506_000111,1778022114.530304,00:01:54,INTERNET,5,1,4.399,7.877,0.0,1.7943,0,278.8,0.0,0.0,0,0.0,0.0,0.0,0.0,0.000379,0.0,1.0,2548,2646,26,27,0,0,,7.877,15,ctrl_plane_fallback,NORMAL
run_20260506_000111,1778022116.5869484,00:01:56,OUTDOOR_RAN,2,1,4.398,10.498,0.0,1.45,0,305.0,0.0,0.0,0,0.0,0.0,0.0,0.0,0.004186,0.0,1.0,3332,3626,34,37,0,0,,10.498,15,ctrl_plane_fallback,NORMAL
run_20260506_000111,1778022116.5884457,00:01:56,INTERNET,1,4,4.397,12.569,0.0,1.5023,0,325.7,0.9998,10.0,0,0.0,8623316.7,1.3,0.0005,0.00457,30.1,1.0,4704,4704,48,48,0,0,,12.569,15,ctrl_plane_fallback,NORMAL
run_20260506_000111,1778022116.5884457,00:01:56,OUTDOOR_RAN,1,1,4.397,12.569,0.0,1.5023,0,325.7,0.9997,10.0,0,0.0,7521698.1,1.3,0.0005,0.008759,30.1,1.0,6664,6860,68,70,0,0,,12.569,15,ctrl_plane_fallback,NORMAL
run_20260506_000111,1778022116.5884457,00:01:56,INDOOR_RAN,1,2,4.397,12.569,0.0,1.5023,0,325.7,0.9999,10.0,0,0.0,15921471.1,1.3,0.0003,0.003047,30.1,1.0,2744,3038,28,31,0,0,,12.569,7,ctrl_plane_fallback,NORMAL
run_20260506_000111,1778022116.5884457,00:01:56,IMS_CDN,1,3,4.397,12.569,0.0,1.5023,0,325.7,0.9997,10.0,0,0.0,6334219.6,1.3,0.0006,0.004189,30.1,1.0,4998,5096,51,52,0,0,,12.569,16,ctrl_plane_fallback,NORMAL
run_20260506_000111,1778022116.589535,00:01:56,INTERNET,5,1,4.396,12.938,0.0,1.9985,0,329.4,0.0,0.0,0,0.0,0.0,0.0,0.0,0.001523,0.0,1.0,2842,3038,29,31,0,0,,12.938,15,ctrl_plane_fallback,NORMAL
run_20260506_000111,1778022116.5899003,00:01:56,INDOOR_RAN,3,1,4.398,12.109,0.0,1.1885,0,321.1,0.0,0.0,0,0.0,0.0,0.0,0.0,0.001522,0.0,1.0,2548,2548,26,26,0,0,,12.109,7,ctrl_plane_fallback,NORMAL
run_20260506_000111,1778022116.5902612,00:01:56,IMS_CDN,4,1,4.397,11.581,0.0,1.7016,0,315.8,0.0,0.0,0,0.0,0.0,0.0,0.0,0.001521,0.0,1.0,2450,3234,25,33,0,0,,11.581,16,ctrl_plane_fallback,NORMAL
run_20260506_000111,1778022118.6554337,00:01:58,IMS_CDN,4,1,4.399,7.661,0.0,1.8403,0,276.6,0.0,0.0,0,0.0,0.0,0.0,0.0,0.0,0.0,1.0,2450,3234,25,33,0,0,,7.661,16,ctrl_plane_fallback,NORMAL
run_20260506_000111,1778022118.656985,00:01:58,OUTDOOR_RAN,2,1,4.4,5.19,0.0,1.6912,0,251.9,0.0,0.0,0,0.0,0.0,0.0,0.0,0.0,0.0,1.0,3332,3626,34,37,0,0,,5.19,15,ctrl_plane_fallback,NORMAL
run_20260506_000111,1778022118.6583831,00:01:58,INTERNET,1,4,4.4,6.365,0.0,1.7962,0,263.6,0.9992,10.0,0,0.0,2458290.0,1.3,0.0016,0.0,17.7,1.0,4704,4704,48,48,0,0,,6.365,15,ctrl_plane_fallback,NORMAL
run_20260506_000111,1778022118.6583831,00:01:58,OUTDOOR_RAN,1,1,4.4,6.365,0.0,1.7962,0,263.6,0.9986,10.0,0,0.0,1394428.4,1.3,0.0029,0.0,17.7,1.0,6664,6860,68,70,0,0,,6.365,15,ctrl_plane_fallback,NORMAL
run_20260506_000111,1778022118.6583831,00:01:58,INDOOR_RAN,1,2,4.4,6.365,0.0,1.7962,0,263.6,0.9995,10.0,0,0.0,3830476.3,1.3,0.001,0.0,17.7,1.0,2744,3038,28,31,0,0,,6.365,7,ctrl_plane_fallback,NORMAL
run_20260506_000111,1778022118.6583831,00:01:58,IMS_CDN,1,3,4.4,6.365,0.0,1.7962,0,263.6,0.9992,10.0,0,0.0,2445129.7,1.3,0.0016,0.0,17.7,1.0,4998,5096,51,52,0,0,,6.365,16,ctrl_plane_fallback,NORMAL
run_20260506_000111,1778022118.6596327,00:01:58,INDOOR_RAN,3,1,4.4,7.209,0.0,1.4205,0,272.1,0.0,0.0,0,0.0,0.0,0.0,0.0,0.0,0.0,1.0,2548,2548,26,26,0,0,,7.209,7,ctrl_plane_fallback,NORMAL
run_20260506_000111,1778022118.6606908,00:01:58,INTERNET,5,1,4.399,6.849,0.0,2.2542,0,268.5,0.0,0.0,0,0.0,0.0,0.0,0.0,0.0,0.0,1.0,2842,3038,29,31,0,0,,6.849,15,ctrl_plane_fallback,NORMAL
run_20260506_000111,1778022120.715354,00:02:00,INDOOR_RAN,3,1,4.398,10.244,0.0,1.5213,0,302.4,0.0,0.0,0,0.0,0.0,0.0,0.0,0.003051,0.0,1.0,3332,3332,34,34,0,0,,10.244,7,ctrl_plane_fallback,NORMAL
run_20260506_000111,1778022120.7165608,00:02:00,INTERNET,5,1,4.397,11.188,0.0,2.3845,0,311.9,0.0,0.0,0,0.0,0.0,0.0,0.0,0.0,0.0,1.0,2842,3038,29,31,0,0,,11.188,15,ctrl_plane_fallback,NORMAL
run_20260506_000111,1778022120.717667,00:02:00,INTERNET,1,4,4.398,9.189,0.0,1.8604,0,291.9,0.9994,10.0,0,0.0,3511843.0,1.3,0.0011,0.000381,23.4,1.0,4802,4802,49,49,0,0,,9.189,15,ctrl_plane_fallback,NORMAL
run_20260506_000111,1778022120.717667,00:02:00,OUTDOOR_RAN,1,1,4.398,9.189,0.0,1.8604,0,291.9,0.999,10.0,0,0.0,1992040.7,1.3,0.002,0.001142,23.4,1.0,6958,7154,71,73,0,0,,9.189,15,ctrl_plane_fallback,NORMAL
run_20260506_000111,1778022120.717667,00:02:00,INDOOR_RAN,1,2,4.398,9.189,0.0,1.8604,0,291.9,0.9996,10.0,0,0.0,5472109.1,1.3,0.0007,0.002665,23.4,1.0,3430,3724,35,38,0,0,,9.189,7,ctrl_plane_fallback,NORMAL
run_20260506_000111,1778022120.717667,00:02:00,IMS_CDN,1,3,4.398,9.189,0.0,1.8604,0,291.9,0.9994,10.0,0,0.0,3493042.6,1.3,0.0011,0.001142,23.4,1.0,5292,5390,54,55,0,0,,9.189,16,ctrl_plane_fallback,NORMAL
run_20260506_000111,1778022120.7191577,00:02:00,OUTDOOR_RAN,2,1,4.399,7.823,0.0,1.75,0,278.2,0.0,0.0,0,0.0,0.0,0.0,0.0,0.00038,0.0,1.0,3430,3724,35,38,0,0,,7.823,15,ctrl_plane_fallback,NORMAL
run_20260506_000111,1778022120.7203734,00:02:00,IMS_CDN,4,1,4.4,6.516,0.0,1.7968,0,265.2,0.0,0.0,0,0.0,0.0,0.0,0.0,0.00038,0.0,1.0,2548,3332,26,34,0,0,,6.516,16,ctrl_plane_fallback,NORMAL
run_20260506_000111,1778022122.781385,00:02:02,IMS_CDN,4,1,4.398,9.671,0.0,1.8817,0,296.7,0.0,0.0,0,0.0,0.0,0.0,0.0,0.0,0.0,1.0,2548,3332,26,34,0,0,,9.671,42,ctrl_plane_fallback,NORMAL
run_20260506_000111,1778022122.7828596,00:02:02,INTERNET,1,4,4.399,6.994,0.0,1.8813,0,269.9,0.9995,10.0,0,0.0,4415557.8,1.3,0.0009,0.0,19.0,1.0,4802,4802,49,49,0,0,,6.994,15,ctrl_plane_fallback,NORMAL
run_20260506_000111,1778022122.7828596,00:02:02,OUTDOOR_RAN,1,1,4.399,6.994,0.0,1.8813,0,269.9,0.9991,10.0,0,0.0,2310716.2,1.3,0.0017,0.0,19.0,1.0,6958,7154,71,73,0,0,,6.994,15,ctrl_plane_fallback,NORMAL
run_20260506_000111,1778022122.7828596,00:02:02,INDOOR_RAN,1,2,4.399,6.994,0.0,1.8813,0,269.9,0.9994,10.0,0,0.0,3146611.5,1.3,0.0013,0.00038,19.0,1.0,3528,3822,36,39,0,0,,6.994,7,ctrl_plane_fallback,NORMAL
run_20260506_000111,1778022122.7828596,00:02:02,IMS_CDN,1,3,4.399,6.994,0.0,1.8813,0,269.9,0.9994,10.0,0,0.0,3549046.4,1.3,0.0011,0.00038,19.0,1.0,5390,5488,55,56,0,0,,6.994,16,ctrl_plane_fallback,NORMAL
run_20260506_000111,1778022122.784364,00:02:02,INTERNET,5,1,4.399,5.587,0.0,2.5856,0,255.9,0.0,0.0,0,0.0,0.0,0.0,0.0,0.0,0.0,1.0,2842,3038,29,31,0,0,,5.587,28,ctrl_plane_fallback,NORMAL
run_20260506_000111,1778022122.78552,00:02:02,INDOOR_RAN,3,1,4.4,4.619,0.0,1.7778,0,246.2,0.0,0.0,0,0.0,0.0,0.0,0.0,0.0,0.0,1.0,3332,3332,34,34,0,0,,4.619,27,ctrl_plane_fallback,NORMAL
run_20260506_000111,1778022122.786761,00:02:02,OUTDOOR_RAN,2,1,4.399,8.477,0.0,1.6816,0,284.8,0.0,0.0,0,0.0,0.0,0.0,0.0,0.0,0.0,1.0,3430,3724,35,38,0,0,,8.477,47,ctrl_plane_fallback,NORMAL
run_20260506_000111,1778022124.8387315,00:02:04,INTERNET,5,1,4.395,13.659,0.0,2.9284,0,336.6,0.0,0.0,0,0.0,0.0,0.0,0.0,0.0,0.0,1.0,2842,3038,29,31,0,0,,13.659,28,ctrl_plane_fallback,NORMAL
run_20260506_000111,1778022124.8399746,00:02:04,IMS_CDN,4,1,4.397,11.085,0.0,1.8524,0,310.9,0.0,0.0,0,0.0,0.0,0.0,0.0,0.0,0.0,1.0,2548,3332,26,34,0,0,,11.085,42,ctrl_plane_fallback,NORMAL
run_20260506_000111,1778022124.8411434,00:02:04,INTERNET,1,4,4.396,12.574,0.0,2.1125,0,325.7,0.9997,10.0,0,0.0,6307942.3,1.3,0.0006,0.0,30.1,1.0,4802,4802,49,49,0,0,,12.574,28,ctrl_plane_fallback,NORMAL
run_20260506_000111,1778022124.8411434,00:02:04,OUTDOOR_RAN,1,1,4.396,12.574,0.0,2.1125,0,325.7,0.9994,10.0,0,0.0,3301025.7,1.3,0.0012,0.0,30.1,1.0,6958,7154,71,73,0,0,,12.574,47,ctrl_plane_fallback,NORMAL
run_20260506_000111,1778022124.8411434,00:02:04,INDOOR_RAN,1,2,4.396,12.574,0.0,2.1125,0,325.7,0.9995,10.0,0,0.0,4007434.0,1.3,0.001,0.0,30.1,1.0,3528,3822,36,39,0,0,,12.574,27,ctrl_plane_fallback,NORMAL
run_20260506_000111,1778022124.8411434,00:02:04,IMS_CDN,1,3,4.396,12.574,0.0,2.1125,0,325.7,0.9996,10.0,0,0.0,4458099.3,1.3,0.0009,0.0,30.1,1.0,5390,5488,55,56,0,0,,12.574,42,ctrl_plane_fallback,NORMAL
run_20260506_000111,1778022124.8424478,00:02:04,OUTDOOR_RAN,2,1,4.395,16.395,0.0,2.0713,0,363.9,0.0,0.0,0,0.0,0.0,0.0,0.0,0.0,0.0,1.0,3430,3724,35,38,0,0,,16.395,47,ctrl_plane_fallback,NORMAL
run_20260506_000111,1778022124.8438969,00:02:04,INDOOR_RAN,3,1,4.395,14.871,0.0,2.3074,0,348.7,0.0,0.0,0,0.0,0.0,0.0,0.0,0.0,0.0,1.0,3332,3332,34,34,0,0,,14.871,27,ctrl_plane_fallback,NORMAL
run_20260506_000111,1778022126.8996797,00:02:06,OUTDOOR_RAN,2,1,4.398,8.828,0.0,2.4147,0,288.3,0.0,0.0,0,0.0,0.0,0.0,0.0,0.001143,0.0,1.0,3724,4018,38,41,0,0,,8.828,47,ctrl_plane_fallback,NORMAL
run_20260506_000111,1778022126.901123,00:02:06,IMS_CDN,4,1,4.4,6.245,0.0,2.0392,0,262.4,0.0,0.0,0,0.0,0.0,0.0,0.0,0.003043,0.0,1.0,3430,4116,35,42,0,0,,6.245,42,ctrl_plane_fallback,NORMAL
run_20260506_000111,1778022126.9024758,00:02:06,INTERNET,5,1,4.399,5.026,0.0,3.2849,0,250.3,0.0,0.0,0,0.0,0.0,0.0,0.0,0.00076,0.0,1.0,3038,3234,31,33,0,0,,5.026,28,ctrl_plane_fallback,NORMAL
run_20260506_000111,1778022126.9037304,00:02:06,INTERNET,1,4,4.399,7.553,0.0,2.2943,0,275.5,0.9998,10.0,0,0.0,9011335.7,1.3,0.0004,0.00152,20.1,1.0,5194,5194,53,53,0,0,,7.553,28,ctrl_plane_fallback,NORMAL
run_20260506_000111,1778022126.9037304,00:02:06,OUTDOOR_RAN,1,1,4.399,7.553,0.0,2.2943,0,275.5,0.9996,10.0,0,0.0,4715740.6,1.3,0.0008,0.003421,20.1,1.0,7840,8036,80,82,0,0,,7.553,47,ctrl_plane_fallback,NORMAL
run_20260506_000111,1778022126.9037304,00:02:06,INDOOR_RAN,1,2,4.399,7.553,0.0,2.2943,0,275.5,0.9997,10.0,0,0.0,5724895.2,1.3,0.0007,0.002661,20.1,1.0,4214,4508,43,46,0,0,,7.553,27,ctrl_plane_fallback,NORMAL
run_20260506_000111,1778022126.9037304,00:02:06,IMS_CDN,1,3,4.399,7.553,0.0,2.2943,0,275.5,0.9997,10.0,0,0.0,6368702.9,1.3,0.0006,0.005321,20.1,1.0,6762,6860,69,70,0,0,,7.553,42,ctrl_plane_fallback,NORMAL
run_20260506_000111,1778022126.9050846,00:02:06,INDOOR_RAN,3,1,4.397,9.907,0.0,2.4734,0,299.1,0.0,0.0,0,0.0,0.0,0.0,0.0,0.000761,0.0,1.0,3528,3528,36,36,0,0,,9.907,27,ctrl_plane_fallback,NORMAL
run_20260506_000111,1778022128.96111,00:02:08,INTERNET,1,4,4.398,8.535,0.0,2.2123,0,285.4,0.9996,10.0,0,0.0,5376930.7,1.3,0.0007,0.0,22.1,1.0,5194,5194,53,53,0,0,,8.535,28,ctrl_plane_fallback,NORMAL
run_20260506_000111,1778022128.96111,00:02:08,OUTDOOR_RAN,1,1,4.398,8.535,0.0,2.2123,0,285.4,0.9992,10.0,0,0.0,2549822.2,1.3,0.0016,0.0,22.1,1.0,7840,8036,80,82,0,0,,8.535,47,ctrl_plane_fallback,NORMAL
run_20260506_000111,1778022128.96111,00:02:08,INDOOR_RAN,1,2,4.398,8.535,0.0,2.2123,0,285.4,0.9994,10.0,0,0.0,3206479.0,1.3,0.0012,0.0,22.1,1.0,4214,4508,43,46,0,0,,8.535,27,ctrl_plane_fallback,NORMAL
run_20260506_000111,1778022128.96111,00:02:08,IMS_CDN,1,3,4.398,8.535,0.0,2.2123,0,285.4,0.999,10.0,0,0.0,2044856.7,1.3,0.002,0.0,22.1,1.0,6762,6860,69,70,0,0,,8.535,42,ctrl_plane_fallback,NORMAL
run_20260506_000111,1778022128.9625392,00:02:08,OUTDOOR_RAN,2,1,4.4,4.663,0.0,2.5241,0,246.6,0.0,0.0,0,0.0,0.0,0.0,0.0,0.0,0.0,1.0,3724,4018,38,41,0,0,,4.663,47,ctrl_plane_fallback,NORMAL
run_20260506_000111,1778022128.963999,00:02:08,INDOOR_RAN,3,1,4.398,9.783,0.0,2.3265,0,297.8,0.0,0.0,0,0.0,0.0,0.0,0.0,0.0,0.0,1.0,3528,3528,36,36,0,0,,9.783,27,ctrl_plane_fallback,NORMAL
run_20260506_000111,1778022128.9648163,00:02:08,IMS_CDN,4,1,4.4,5.994,0.0,1.9274,0,259.9,0.0,0.0,0,0.0,0.0,0.0,0.0,0.0,0.0,1.0,3430,4116,35,42,0,0,,5.994,42,ctrl_plane_fallback,NORMAL
run_20260506_000111,1778022128.9659753,00:02:08,INTERNET,5,1,4.398,7.229,0.0,3.2173,0,272.3,0.0,0.0,0,0.0,0.0,0.0,0.0,0.0,0.0,1.0,3038,3234,31,33,0,0,,7.229,28,ctrl_plane_fallback,NORMAL
run_20260506_000111,1778022131.0230684,00:02:11,OUTDOOR_RAN,2,1,4.399,6.167,0.0,2.4604,0,261.7,0.0,0.0,0,0.0,0.0,0.0,0.0,0.0,0.0,1.0,3724,4018,38,41,0,0,,6.167,47,ctrl_plane_fallback,NORMAL
run_20260506_000111,1778022131.0244684,00:02:11,INDOOR_RAN,3,1,4.399,7.114,0.0,2.3479,0,271.1,0.0,0.0,0,0.0,0.0,0.0,0.0,0.0,0.0,1.0,3528,3528,36,36,0,0,,7.114,27,ctrl_plane_fallback,NORMAL
run_20260506_000111,1778022131.0252888,00:02:11,IMS_CDN,4,1,4.399,8.223,0.0,1.9462,0,282.2,0.0,0.0,0,0.0,0.0,0.0,0.0,0.0,0.0,1.0,3528,4116,36,42,0,0,,8.223,42,ctrl_plane_fallback,NORMAL
run_20260506_000111,1778022131.0261147,00:02:11,INTERNET,1,4,4.4,4.802,0.0,2.3073,0,248.0,0.9997,10.0,0,0.0,7681322.2,1.3,0.0005,0.0,14.6,1.0,5194,5194,53,53,0,0,,4.802,28,ctrl_plane_fallback,NORMAL
run_20260506_000111,1778022131.0261147,00:02:11,OUTDOOR_RAN,1,1,4.4,4.802,0.0,2.3073,0,248.0,0.9995,10.0,0,0.0,3642595.7,1.3,0.0011,0.0,14.6,1.0,7840,8036,80,82,0,0,,4.802,47,ctrl_plane_fallback,NORMAL
run_20260506_000111,1778022131.0261147,00:02:11,INDOOR_RAN,1,2,4.4,4.802,0.0,2.3073,0,248.0,0.9996,10.0,0,0.0,4580676.9,1.3,0.0009,0.00038,14.6,1.0,4214,4606,43,47,0,0,,4.802,27,ctrl_plane_fallback,NORMAL
run_20260506_000111,1778022131.0261147,00:02:11,IMS_CDN,1,3,4.4,4.802,0.0,2.3073,0,248.0,0.9993,10.0,0,0.0,2921216.4,1.3,0.0014,0.0,14.6,1.0,6860,6860,70,70,0,0,,4.802,42,ctrl_plane_fallback,NORMAL
run_20260506_000111,1778022131.0269697,00:02:11,INTERNET,5,1,4.397,9.28,0.0,3.1444,0,292.8,0.0,0.0,0,0.0,0.0,0.0,0.0,0.0,0.0,1.0,3038,3234,31,33,0,0,,9.28,28,ctrl_plane_fallback,NORMAL
run_20260506_000111,1778022133.091408,00:02:13,INTERNET,1,4,4.399,7.18,0.0,2.3118,0,271.8,0.9998,10.0,0,0.0,10973317.7,1.3,0.0004,0.00385,19.4,1.0,6188,6188,60,60,0,0,,7.18,28,ctrl_plane_fallback,NORMAL
run_20260506_000111,1778022133.091408,00:02:13,OUTDOOR_RAN,1,1,4.399,7.18,0.0,2.3118,0,271.8,0.9996,10.0,0,0.0,5203708.5,1.3,0.0008,0.020995,19.4,1.0,13260,13456,90,92,0,0,,7.18,47,ctrl_plane_fallback,NORMAL
run_20260506_000111,1778022133.091408,00:02:13,INDOOR_RAN,1,2,4.399,7.18,0.0,2.3118,0,271.8,0.9996,10.0,0,0.0,5558928.9,1.3,0.0007,0.0033,19.4,1.0,5350,5458,51,53,0,0,,7.18,27,ctrl_plane_fallback,NORMAL
run_20260506_000111,1778022133.091408,00:02:13,IMS_CDN,1,3,4.399,7.18,0.0,2.3118,0,271.8,0.9995,10.0,0,0.0,4173166.6,1.3,0.001,0.020995,19.4,1.0,12280,12280,80,80,0,0,,7.18,42,ctrl_plane_fallback,NORMAL
run_20260506_000111,1778022133.0930033,00:02:13,INTERNET,5,1,4.398,7.615,0.0,3.052,0,276.1,0.0,0.0,0,0.0,0.0,0.0,0.0,0.003849,0.0,1.0,4032,4228,38,40,0,0,,7.615,33,ctrl_plane_fallback,NORMAL
run_20260506_000111,1778022133.0939677,00:02:13,OUTDOOR_RAN,2,1,4.4,4.62,0.0,2.4034,0,246.2,0.0,0.0,0,0.0,0.0,0.0,0.0,0.010469,0.0,1.0,6434,6728,43,46,0,0,,4.62,48,ctrl_plane_fallback,NORMAL
run_20260506_000111,1778022133.0953798,00:02:13,IMS_CDN,4,1,4.4,6.39,0.0,1.9391,0,263.9,0.0,0.0,0,0.0,0.0,0.0,0.0,0.010852,0.0,1.0,6336,6924,42,48,0,0,,6.39,48,ctrl_plane_fallback,NORMAL
run_20260506_000111,1778022133.1019921,00:02:13,INDOOR_RAN,3,1,4.4,5.442,0.0,2.3057,0,254.4,0.0,0.0,0,0.0,0.0,0.0,0.0,0.003281,0.0,1.0,4806,4380,45,42,0,0,,5.442,33,ctrl_plane_fallback,NORMAL
run_20260506_000111,1778022135.1487901,00:02:15,OUTDOOR_RAN,2,1,4.395,13.268,0.0,2.7937,0,332.7,0.0,0.0,0,0.0,0.0,0.0,0.0,0.018991,0.0,1.0,11854,11606,53,55,0,0,,13.268,48,ctrl_plane_fallback,NORMAL
run_20260506_000111,1778022135.1502109,00:02:15,INTERNET,5,1,4.396,12.131,0.0,3.1434,0,321.3,0.0,0.0,0,0.0,0.0,0.0,0.0,0.00994,0.0,1.0,6588,6784,56,58,0,0,,12.131,33,ctrl_plane_fallback,NORMAL
run_20260506_000111,1778022135.1513753,00:02:15,INDOOR_RAN,3,1,4.391,21.704,0.0,3.1779,0,417.0,0.0,0.0,0,0.0,0.0,0.0,0.0,0.008869,0.0,1.0,7646,6652,65,58,0,0,,21.704,33,ctrl_plane_fallback,NORMAL
run_20260506_000111,1778022135.152349,00:02:15,IMS_CDN,4,1,4.395,14.777,0.0,2.3421,0,347.8,0.0,0.0,0,0.0,0.0,0.0,0.0,0.02108,0.0,1.0,11756,12344,52,58,0,0,,14.777,48,ctrl_plane_fallback,NORMAL
run_20260506_000111,1778022135.15349,00:02:15,INTERNET,1,4,4.397,11.011,0.0,2.4067,0,310.1,0.9993,10.0,0,0.0,2957684.0,1.3,0.0014,0.009916,27.0,1.0,8602,8744,77,78,0,0,,11.011,33,ctrl_plane_fallback,NORMAL
run_20260506_000111,1778022135.15349,00:02:15,OUTDOOR_RAN,1,1,4.397,11.011,0.0,2.4067,0,310.1,0.9967,10.0,0,0.0,613352.4,1.3,0.0065,0.037849,27.0,1.0,23558,23212,109,110,0,0,,11.011,48,ctrl_plane_fallback,NORMAL
run_20260506_000111,1778022135.15349,00:02:15,INDOOR_RAN,1,2,4.397,11.011,0.0,2.4067,0,310.1,0.9993,10.0,0,0.0,2769720.5,1.3,0.0014,0.008814,27.0,1.0,7764,7730,68,69,0,0,,11.011,33,ctrl_plane_fallback,NORMAL
run_20260506_000111,1778022135.15349,00:02:15,IMS_CDN,1,3,4.397,11.011,0.0,2.4067,0,310.1,0.9967,10.0,0,0.0,601105.4,1.3,0.0067,0.039952,27.0,1.0,22578,22578,99,99,0,0,,11.011,48,ctrl_plane_fallback,NORMAL
run_20260506_000111,1778022137.2098663,00:02:17,OUTDOOR_RAN,2,1,4.399,5.384,0.0,3.1118,0,253.8,0.0,0.0,0,0.0,0.0,0.0,0.0,0.021038,0.0,1.0,17274,17026,63,65,0,0,,5.384,48,ctrl_plane_fallback,NORMAL
run_20260506_000111,1778022137.2114043,00:02:17,INTERNET,5,1,4.398,6.473,0.0,3.3006,0,264.7,0.0,0.0,0,0.0,0.0,0.0,0.0,0.00992,0.0,1.0,9144,9340,74,76,0,0,,6.473,33,ctrl_plane_fallback,NORMAL
run_20260506_000111,1778022137.2122455,00:02:17,INTERNET,1,4,4.398,9.969,0.0,2.3214,0,299.7,0.9981,10.0,0,0.0,1060244.5,1.3,0.0038,0.009932,24.9,1.0,11158,11300,95,96,0,0,,9.969,33,ctrl_plane_fallback,NORMAL
run_20260506_000111,1778022137.2122455,00:02:17,OUTDOOR_RAN,1,1,4.398,9.969,0.0,2.3214,0,299.7,0.9923,10.0,0,0.0,260560.3,1.3,0.0154,0.040016,24.9,1.0,33856,33510,128,129,0,0,,9.969,48,ctrl_plane_fallback,NORMAL
run_20260506_000111,1778022137.2122455,00:02:17,INDOOR_RAN,1,2,4.398,9.969,0.0,2.3214,0,299.7,0.9982,10.0,0,0.0,1135429.7,1.3,0.0035,0.00938,24.9,1.0,10462,10144,87,86,0,0,,9.969,33,ctrl_plane_fallback,NORMAL
run_20260506_000111,1778022137.2122455,00:02:17,IMS_CDN,1,3,4.398,9.969,0.0,2.3214,0,299.7,0.992,10.0,0,0.0,249316.7,1.3,0.016,0.040016,24.9,1.0,32876,32876,118,118,0,0,,9.969,48,ctrl_plane_fallback,NORMAL
run_20260506_000111,1778022137.2128294,00:02:17,IMS_CDN,4,1,4.398,8.708,0.0,2.575,0,287.1,0.0,0.0,0,0.0,0.0,0.0,0.0,0.021044,0.0,1.0,17176,17764,62,68,0,0,,8.708,48,ctrl_plane_fallback,NORMAL
run_20260506_000111,1778022137.21333,00:02:17,INDOOR_RAN,3,1,4.397,7.551,0.0,3.8638,0,275.5,0.0,0.0,0,0.0,0.0,0.0,0.0,0.009366,0.0,1.0,10628,9066,86,75,0,0,,7.551,33,ctrl_plane_fallback,NORMAL
run_20260506_000111,1778022139.2738554,00:02:19,INTERNET,1,4,4.399,6.436,0.0,2.3971,0,264.4,0.9973,10.0,0,0.0,731061.4,1.3,0.0055,0.008816,17.9,1.0,13430,13572,111,112,0,0,,6.436,33,ctrl_plane_fallback,NORMAL
run_20260506_000111,1778022139.2738554,00:02:19,OUTDOOR_RAN,1,1,4.399,6.436,0.0,2.3971,0,264.4,0.9889,10.0,0,0.0,180584.8,1.3,0.0222,0.039961,17.9,1.0,44154,43808,147,148,0,0,,6.436,48,ctrl_plane_fallback,NORMAL
run_20260506_000111,1778022139.2738554,00:02:19,INDOOR_RAN,1,2,4.399,6.436,0.0,2.3971,0,264.4,0.9974,10.0,0,0.0,778315.2,1.3,0.0051,0.008816,17.9,1.0,12876,12416,104,102,0,0,,6.436,33,ctrl_plane_fallback,NORMAL
run_20260506_000111,1778022139.2738554,00:02:19,IMS_CDN,1,3,4.399,6.436,0.0,2.3971,0,264.4,0.9887,10.0,0,0.0,176718.4,1.3,0.0226,0.039961,17.9,1.0,43174,43174,137,137,0,0,,6.436,48,ctrl_plane_fallback,NORMAL
run_20260506_000111,1778022139.2755277,00:02:19,INTERNET,5,1,4.399,5.734,0.0,3.1405,0,257.3,0.0,0.0,0,0.0,0.0,0.0,0.0,0.008806,0.0,1.0,11416,11612,90,92,0,0,,5.734,33,ctrl_plane_fallback,NORMAL
run_20260506_000111,1778022139.2764618,00:02:19,INDOOR_RAN,3,1,4.398,7.302,0.0,3.6379,0,273.0,0.0,0.0,0,0.0,0.0,0.0,0.0,0.00881,0.0,1.0,13468,11338,106,91,0,0,,7.302,33,ctrl_plane_fallback,NORMAL
run_20260506_000111,1778022139.2770038,00:02:19,OUTDOOR_RAN,2,1,4.399,4.883,0.0,2.9486,0,248.8,0.0,0.0,0,0.0,0.0,0.0,0.0,0.020976,0.0,1.0,22694,22446,73,75,0,0,,4.883,48,ctrl_plane_fallback,NORMAL
run_20260506_000111,1778022139.2774498,00:02:19,IMS_CDN,4,1,4.399,7.393,0.0,2.4963,0,273.9,0.0,0.0,0,0.0,0.0,0.0,0.0,0.021001,0.0,1.0,22596,23184,72,78,0,0,,7.393,48,ctrl_plane_fallback,NORMAL
run_20260506_000111,1778022141.338308,00:02:21,INTERNET,1,4,4.4,5.166,0.0,2.3267,0,251.7,0.9968,10.0,0,0.0,630657.2,1.3,0.0063,0.009905,15.3,1.0,15986,16128,129,130,0,0,,5.166,33,ctrl_plane_fallback,NORMAL
run_20260506_000111,1778022141.338308,00:02:21,OUTDOOR_RAN,1,1,4.4,5.166,0.0,2.3267,0,251.7,0.9866,10.0,0,0.0,148733.8,1.3,0.0269,0.042006,15.3,1.0,55536,54648,168,168,0,0,,5.166,48,ctrl_plane_fallback,NORMAL
run_20260506_000111,1778022141.338308,00:02:21,INDOOR_RAN,1,2,4.4,5.166,0.0,2.3267,0,251.7,0.9969,10.0,0,0.0,654658.5,1.3,0.0061,0.009905,15.3,1.0,15290,14972,121,120,0,0,,5.166,33,ctrl_plane_fallback,NORMAL
run_20260506_000111,1778022141.338308,00:02:21,IMS_CDN,1,3,4.4,5.166,0.0,2.3267,0,251.7,0.9864,10.0,0,0.0,146881.1,1.3,0.0272,0.042006,15.3,1.0,54014,54014,157,157,0,0,,5.166,48,ctrl_plane_fallback,NORMAL
run_20260506_000111,1778022141.3397338,00:02:21,INTERNET,5,1,4.399,6.219,0.0,2.9745,0,262.2,0.0,0.0,0,0.0,0.0,0.0,0.0,0.009906,0.0,1.0,13972,14168,108,110,0,0,,6.219,33,ctrl_plane_fallback,NORMAL
run_20260506_000111,1778022141.3405738,00:02:21,OUTDOOR_RAN,2,1,4.398,7.322,0.0,2.9168,0,273.2,0.0,0.0,0,0.0,0.0,0.0,0.0,0.018911,0.0,1.0,28656,27324,84,84,0,0,,7.322,48,ctrl_plane_fallback,NORMAL
run_20260506_000111,1778022141.3411314,00:02:21,INDOOR_RAN,3,1,4.398,6.878,0.0,3.4371,0,268.8,0.0,0.0,0,0.0,0.0,0.0,0.0,0.009904,0.0,1.0,16308,13894,126,109,0,0,,6.878,33,ctrl_plane_fallback,NORMAL
run_20260506_000111,1778022141.3414855,00:02:21,IMS_CDN,4,1,4.399,7.844,0.0,2.3685,0,278.4,0.0,0.0,0,0.0,0.0,0.0,0.0,0.018907,0.0,1.0,27474,28062,81,87,0,0,,7.844,48,ctrl_plane_fallback,NORMAL
run_20260506_000111,1778022143.4089642,00:02:23,INTERNET,5,1,4.399,5.453,0.0,2.8365,0,254.5,0.0,0.0,0,0.0,0.0,0.0,0.0,0.010431,0.0,1.0,16670,16866,127,129,0,0,,5.453,30,ctrl_plane_fallback,NORMAL
run_20260506_000111,1778022143.4103854,00:02:23,IMS_CDN,4,1,4.399,6.927,0.0,2.2778,0,269.3,0.0,0.0,0,0.0,0.0,0.0,0.0,0.031538,0.0,1.0,35630,36218,99,105,0,0,,6.927,46,ctrl_plane_fallback,NORMAL
run_20260506_000111,1778022143.4116383,00:02:23,INTERNET,1,4,4.4,4.619,0.0,2.2154,0,246.2,0.9964,10.0,0,0.0,550758.4,1.3,0.0073,0.01041,14.2,1.0,18542,18826,147,149,0,0,,4.619,33,ctrl_plane_fallback,NORMAL
run_20260506_000111,1778022143.4116383,00:02:23,OUTDOOR_RAN,1,1,4.4,4.619,0.0,2.2154,0,246.2,0.9846,10.0,0,0.0,129883.4,1.3,0.0308,0.052383,14.2,1.0,69112,68224,196,196,0,0,,4.619,48,ctrl_plane_fallback,NORMAL
run_20260506_000111,1778022143.4116383,00:02:23,INDOOR_RAN,1,2,4.4,4.619,0.0,2.2154,0,246.2,0.9965,10.0,0,0.0,563385.1,1.3,0.0071,0.009862,14.2,1.0,18130,17528,141,138,0,0,,4.619,33,ctrl_plane_fallback,NORMAL
run_20260506_000111,1778022143.4116383,00:02:23,IMS_CDN,1,3,4.4,4.619,0.0,2.2154,0,246.2,0.9845,10.0,0,0.0,128889.6,1.3,0.031,0.052383,14.2,1.0,67590,67590,185,185,0,0,,4.619,48,ctrl_plane_fallback,NORMAL
run_20260506_000111,1778022143.4121642,00:02:23,OUTDOOR_RAN,2,1,4.399,6.138,0.0,2.8085,0,261.4,0.0,0.0,0,0.0,0.0,0.0,0.0,0.031497,0.0,1.0,36812,35480,102,102,0,0,,6.138,48,ctrl_plane_fallback,NORMAL
run_20260506_000111,1778022143.412688,00:02:23,INDOOR_RAN,3,1,4.398,6.491,0.0,3.2464,0,264.9,0.0,0.0,0,0.0,0.0,0.0,0.0,0.009871,0.0,1.0,19290,16450,147,127,0,0,,6.491,33,ctrl_plane_fallback,NORMAL
run_20260506_000111,1778022145.4707282,00:02:25,INDOOR_RAN,3,1,4.393,15.643,0.0,3.6155,0,356.4,0.0,0.0,0,0.0,0.0,0.0,0.0,0.00828,0.0,1.0,22130,18580,167,142,0,0,,15.643,33,ctrl_plane_fallback,NORMAL
run_20260506_000111,1778022145.4718983,00:02:25,IMS_CDN,4,1,4.395,13.933,0.0,2.5733,0,339.3,0.0,0.0,0,0.0,0.0,0.0,0.0,0.109954,0.0,1.0,65332,64552,180,182,0,0,,13.933,46,ctrl_plane_fallback,NORMAL
run_20260506_000111,1778022145.4729993,00:02:25,INTERNET,5,1,4.396,12.541,0.0,3.1021,0,325.4,0.0,0.0,0,0.0,0.0,0.0,0.0,0.009907,0.0,1.0,19226,19422,145,147,0,0,,12.541,30,ctrl_plane_fallback,NORMAL
run_20260506_000111,1778022145.4734757,00:02:25,OUTDOOR_RAN,2,1,4.394,15.1,0.0,3.1931,0,351.0,0.0,0.0,0,0.0,0.0,0.0,0.0,0.113947,0.0,1.0,66514,64840,183,182,0,0,,15.1,48,ctrl_plane_fallback,NORMAL
run_20260506_000111,1778022145.4739041,00:02:25,INTERNET,1,4,4.395,14.573,0.0,2.6991,0,345.7,0.996,10.0,0,0.0,496860.1,1.3,0.0081,0.009915,34.1,1.0,20956,21382,164,167,0,0,,14.573,30,ctrl_plane_fallback,NORMAL
run_20260506_000111,1778022145.4739041,00:02:25,OUTDOOR_RAN,1,1,4.395,14.573,0.0,2.6991,0,345.7,0.9818,10.0,0,0.0,109640.5,1.3,0.0365,0.13492,34.1,1.0,103208,103004,284,286,0,0,,14.573,48,ctrl_plane_fallback,NORMAL
run_20260506_000111,1778022145.4739041,00:02:25,INDOOR_RAN,1,2,4.395,14.573,0.0,2.6991,0,345.7,0.9961,10.0,0,0.0,514109.2,1.3,0.0078,0.008263,34.1,1.0,20686,19658,159,153,0,0,,14.573,33,ctrl_plane_fallback,NORMAL
run_20260506_000111,1778022145.4739041,00:02:25,IMS_CDN,1,3,4.395,14.573,0.0,2.6991,0,345.7,0.9817,10.0,0,0.0,109143.3,1.3,0.0367,0.130939,34.1,1.0,102370,101344,275,272,0,0,,14.573,46,ctrl_plane_fallback,NORMAL
run_20260506_000111,1778022147.5324209,00:02:27,IMS_CDN,4,1,4.273,6.262,0.005747,2.8919,0,265.5,0.0,0.0,0,0.0,0.0,0.0,0.0,0.130134,0.0,1.0,99876,98070,276,275,0,0,,6.262,46,ctrl_plane_fallback,NORMAL
run_20260506_000111,1778022147.533839,00:02:27,INDOOR_RAN,3,1,4.398,5.151,0.0,4.0452,0,251.5,0.0,0.0,0,0.0,0.0,0.0,0.0,0.023398,0.0,1.0,29074,24614,199,169,0,0,,5.151,33,ctrl_plane_fallback,NORMAL
run_20260506_000111,1778022147.534797,00:02:27,INTERNET,1,4,4.398,7.736,0.0,2.9576,0,277.4,0.9958,10.0,0,0.0,472746.7,1.3,0.0085,0.009371,20.5,1.0,23370,23796,181,184,0,0,,7.736,30,ctrl_plane_fallback,NORMAL
run_20260506_000111,1778022147.534797,00:02:27,OUTDOOR_RAN,1,1,4.398,7.736,0.0,2.9576,0,277.4,0.968,10.0,0,0.0,62514.0,1.3,0.064,0.131236,20.5,1.0,139268,136812,378,374,0,0,,7.736,48,ctrl_plane_fallback,NORMAL
run_20260506_000111,1778022147.534797,00:02:27,INDOOR_RAN,1,2,4.398,7.736,0.0,2.9576,0,277.4,0.9961,10.0,0,0.0,512734.7,1.3,0.0078,0.023423,20.5,1.0,26804,25692,188,180,0,0,,7.736,33,ctrl_plane_fallback,NORMAL
run_20260506_000111,1778022147.534797,00:02:27,IMS_CDN,1,3,4.272,7.736,0.005747,2.9576,0,280.3,0.9687,10.0,0,0.0,63891.8,1.3,0.0626,0.153254,43.4,0.9943,140966,140824,377,376,0,0,,7.736,46,ctrl_plane_fallback,NORMAL
run_20260506_000111,1778022147.535463,00:02:27,INTERNET,5,1,4.398,6.854,0.0,3.2637,0,268.5,0.0,0.0,0,0.0,0.0,0.0,0.0,0.009364,0.0,1.0,21640,21836,162,164,0,0,,6.854,30,ctrl_plane_fallback,NORMAL
run_20260506_000111,1778022147.5358174,00:02:27,OUTDOOR_RAN,2,1,4.13,7.282,0.011364,3.4821,0,278.6,0.0,0.0,0,0.0,0.0,0.0,0.0,0.108017,0.0,1.0,96612,92686,266,259,0,0,,7.282,48,ctrl_plane_fallback,NORMAL
run_20260506_000111,1778022149.5982122,00:02:29,INDOOR_RAN,3,1,4.391,23.715,0.0,1.867,0,437.1,0.0,0.0,0,0.0,0.0,0.0,0.0,0.103043,0.0,1.0,56730,51204,295,260,0,0,23.715,5.743,33,ping_measured,NORMAL
run_20260506_000111,1778022149.5995271,00:02:29,IMS_CDN,4,1,4.338,10.348,0.002874,1.7,0,304.9,0.0,0.0,0,0.0,0.0,0.0,0.0,0.196812,0.0,1.0,153466,148924,431,422,0,0,10.348,4.84,46,ping_measured,NORMAL
run_20260506_000111,1778022149.600725,00:02:29,OUTDOOR_RAN,2,1,4.132,10.939,0.011364,0.419,0,315.1,0.0,0.0,0,0.0,0.0,0.0,0.0,0.111858,0.0,1.0,126510,121558,349,339,0,0,10.939,7.38,48,ping_measured,NORMAL
run_20260506_000111,1778022149.6016083,00:02:29,INTERNET,5,1,4.398,6.944,0.0,3.0653,0,269.4,0.0,0.0,0,0.0,0.0,0.0,0.0,0.010447,0.0,1.0,24338,24534,181,183,0,0,,6.944,30,ctrl_plane_fallback,NORMAL
run_20260506_000111,1778022149.6019866,00:02:29,INTERNET,1,4,4.399,6.577,0.0,2.8452,0,265.8,0.9957,10.0,0,0.0,465465.7,1.3,0.0086,0.010991,18.2,1.0,26068,26636,200,204,0,0,,6.577,30,ctrl_plane_fallback,NORMAL
run_20260506_000111,1778022149.6019866,00:02:29,OUTDOOR_RAN,1,1,4.132,10.939,0.011364,0.419,0,315.1,0.9594,10.0,0,0.0,49229.0,1.3,0.0813,0.134227,63.4,0.9886,173752,171496,472,468,0,0,10.939,6.577,48,ping_measured,NORMAL
run_20260506_000111,1778022149.6019866,00:02:29,INDOOR_RAN,1,2,4.391,23.715,0.0,1.867,0,437.1,0.9939,10.0,0,0.0,329589.5,1.3,0.0121,0.104227,18.2,1.0,52750,52624,279,272,0,0,23.715,6.577,33,ping_measured,NORMAL
run_20260506_000111,1778022149.6019866,00:02:29,IMS_CDN,1,3,4.338,10.348,0.002874,1.7,0,304.9,0.9562,10.0,0,0.0,45716.7,1.3,0.0875,0.219297,29.6,0.9971,200910,197490,547,537,0,0,10.348,6.577,46,ping_measured,NORMAL
run_20260506_000111,1778022151.6620088,00:02:31,IMS_CDN,4,1,4.226,10.348,0.00761,1.7,0,307.3,0.0,0.0,0,0.0,0.0,0.0,0.0,0.216027,0.0,1.0,212580,204618,598,579,0,0,10.348,8.002,46,ping_measured,NORMAL
run_20260506_000111,1778022151.663528,00:02:31,INDOOR_RAN,3,1,4.269,23.715,0.005495,1.867,0,439.9,0.0,0.0,0,0.0,0.0,0.0,0.0,0.099208,0.0,1.0,83510,76816,385,346,0,0,23.715,6.819,33,ping_measured,NORMAL
run_20260506_000111,1778022151.6644936,00:02:31,OUTDOOR_RAN,2,1,4.141,10.939,0.011001,0.419,0,315.0,0.0,0.0,0,0.0,0.0,0.0,0.0,0.113811,0.0,1.0,155870,150918,429,419,0,0,10.939,9.025,48,ping_measured,NORMAL
run_20260506_000111,1778022151.665064,00:02:31,INTERNET,1,4,4.397,9.883,0.0,2.874,0,298.8,0.9954,10.0,0,0.0,437263.9,1.3,0.0091,0.011013,24.8,1.0,29050,29476,221,224,0,0,,9.883,30,ctrl_plane_fallback,NORMAL
run_20260506_000111,1778022151.665064,00:02:31,OUTDOOR_RAN,1,1,4.141,10.939,0.011001,0.419,0,315.0,0.9526,10.0,0,0.0,42231.0,1.3,0.0947,0.154759,68.5,0.989,214004,211406,578,573,0,0,10.939,9.883,48,ping_measured,NORMAL
run_20260506_000111,1778022151.665064,00:02:31,INDOOR_RAN,1,2,4.269,23.715,0.005495,1.867,0,439.9,0.981,10.0,0,0.0,105299.7,1.3,0.038,0.09799,46.7,0.9945,77820,77894,364,357,0,0,23.715,9.883,33,ping_measured,NORMAL
run_20260506_000111,1778022151.665064,00:02:31,IMS_CDN,1,3,4.226,10.348,0.00761,1.7,0,307.3,0.9385,10.0,0,0.0,32533.2,1.3,0.123,0.236982,55.1,0.9924,265444,258604,724,704,0,0,10.348,9.883,46,ping_measured,NORMAL
run_20260506_000111,1778022151.6655269,00:02:31,INTERNET,5,1,4.397,9.389,0.0,3.0265,0,293.9,0.0,0.0,0,0.0,0.0,0.0,0.0,0.011559,0.0,1.0,27320,27516,202,204,0,0,,9.389,30,ctrl_plane_fallback,NORMAL
run_20260506_000111,1778022153.725637,00:02:33,OUTDOOR_RAN,2,1,4.034,10.939,0.015024,0.419,0,317.0,0.0,0.0,0,0.0,0.0,0.0,0.0,0.109958,0.0,1.0,185866,179248,513,498,0,0,10.939,7.323,18,ping_measured,NORMAL
run_20260506_000111,1778022153.7273018,00:02:33,IMS_CDN,4,1,4.014,10.348,0.01571,1.7,0,311.5,0.0,0.0,0,0.0,0.0,0.0,0.0,0.292383,0.0,1.0,290798,280100,823,796,0,0,10.348,5.658,34,ping_measured,NORMAL
run_20260506_000111,1778022153.7283573,00:02:33,INDOOR_RAN,3,1,3.41,23.715,0.038041,1.867,0,456.9,0.0,0.0,0,0.0,0.0,0.0,0.0,0.094931,0.0,1.0,110774,101318,477,427,0,0,23.715,6.569,18,ping_measured,NORMAL
run_20260506_000111,1778022153.7290242,00:02:33,INTERNET,5,1,4.398,8.138,0.0,2.9156,0,281.4,0.0,0.0,0,0.0,0.0,0.0,0.0,0.008808,0.0,1.0,29592,29788,218,220,0,0,,8.138,10,ctrl_plane_fallback,NORMAL
run_20260506_000111,1778022153.7296453,00:02:33,INTERNET,1,4,4.398,7.784,0.0,2.8256,0,277.8,0.9952,10.0,0,0.0,419193.7,1.3,0.0095,0.008804,20.6,1.0,31322,31748,237,240,0,0,,7.784,30,ctrl_plane_fallback,NORMAL
run_20260506_000111,1778022153.7296453,00:02:33,OUTDOOR_RAN,1,1,4.034,10.939,0.015024,0.419,0,317.0,0.9453,10.0,0,0.0,36540.3,1.3,0.1095,0.223542,80.2,0.985,273018,269096,741,732,0,0,10.939,7.784,48,ping_measured,NORMAL
run_20260506_000111,1778022153.7296453,00:02:33,INDOOR_RAN,1,2,3.41,23.715,0.038041,1.867,0,456.9,0.9737,10.0,0,0.0,76071.2,1.3,0.0526,0.094942,169.8,0.962,102122,102396,445,438,0,0,23.715,7.784,33,ping_measured,NORMAL
run_20260506_000111,1778022153.7296453,00:02:33,IMS_CDN,1,3,4.014,10.348,0.01571,1.7,0,311.5,0.9241,10.0,0,0.0,26346.4,1.3,0.1519,0.313485,82.9,0.9843,348300,339506,956,931,0,0,10.348,7.784,46,ping_measured,NORMAL
run_20260506_000111,1778022155.7889357,00:02:35,INTERNET,5,1,4.396,11.81,0.0,2.9628,0,318.1,0.0,0.0,0,0.0,0.0,0.0,0.0,0.011581,0.0,1.0,32574,32770,239,241,0,0,,11.81,10,ctrl_plane_fallback,NORMAL
run_20260506_000111,1778022155.7901027,00:02:35,IMS_CDN,4,1,4.222,10.13,0.007855,0.5565,0,305.3,0.0,0.0,0,0.0,0.0,0.0,0.0,0.294442,0.0,1.0,368772,356022,1048,1015,0,0,10.13,10.64,34,ping_measured,NORMAL
run_20260506_000111,1778022155.7914197,00:02:35,OUTDOOR_RAN,2,1,3.982,10.142,0.016946,0.816,0,310.0,0.0,0.0,0,0.0,0.0,0.0,0.0,0.113685,0.0,1.0,215866,208604,595,580,0,0,10.142,9.271,18,ping_measured,NORMAL
run_20260506_000111,1778022155.7920725,00:02:35,INDOOR_RAN,3,1,3.013,19.129,0.056058,0.8695,0,421.0,0.0,0.0,0,0.0,0.0,0.0,0.0,0.095346,0.0,1.0,137946,125914,571,511,0,0,19.129,11.091,18,ping_measured,NORMAL
run_20260506_000111,1778022155.792514,00:02:35,INTERNET,1,4,4.396,12.6,0.0,2.95,0,326.0,0.9954,10.0,0,0.0,435327.3,1.3,0.0092,0.011564,30.2,1.0,34020,34730,256,261,0,0,,12.6,10,ctrl_plane_fallback,NORMAL
run_20260506_000111,1778022155.792514,00:02:35,OUTDOOR_RAN,1,1,3.982,10.142,0.016946,0.816,0,310.0,0.9304,10.0,0,0.0,28763.9,1.3,0.1391,0.2279,97.4,0.9831,332770,327862,907,897,0,0,10.142,12.6,18,ping_measured,NORMAL
run_20260506_000111,1778022155.792514,00:02:35,INDOOR_RAN,1,2,3.013,19.129,0.056058,0.8695,0,421.0,0.9692,10.0,0,0.0,64880.7,1.3,0.0617,0.095386,248.1,0.9439,128170,126992,535,522,0,0,19.129,12.6,18,ping_measured,NORMAL
run_20260506_000111,1778022155.792514,00:02:35,IMS_CDN,1,3,4.222,10.13,0.007855,0.5565,0,305.3,0.9021,10.0,0,0.0,20441.9,1.3,0.1958,0.319074,61.5,0.9921,430958,421782,1193,1165,0,0,10.13,12.6,34,ping_measured,NORMAL
run_20260506_000111,1778022164.0414739,00:02:44,IMS_CDN,4,1,4.072,10.2,0.013638,0.284,0,308.9,0.0,0.0,0,0.0,0.0,0.0,0.0,0.292312,0.0,1.0,679586,654182,1939,1869,0,0,10.2,7.236,8,ping_measured,NORMAL
run_20260506_000111,1778022164.0430532,00:02:44,INTERNET,1,4,4.398,8.393,0.0,2.7738,0,283.9,0.9953,10.0,0,0.0,427739.4,1.3,0.0094,0.009911,21.8,1.0,43818,44812,325,332,0,0,,8.393,10,ctrl_plane_fallback,NORMAL
run_20260506_000111,1778022164.0430532,00:02:44,OUTDOOR_RAN,1,1,4.362,9.033,0.001855,1.0115,0,291.3,0.9017,10.0,0,0.0,20350.5,1.3,0.1966,0.226578,29.2,0.9981,568976,560790,1556,1537,0,0,9.033,8.393,18,ping_measured,NORMAL
run_20260506_000111,1778022164.0430532,00:02:44,INDOOR_RAN,1,2,3.014,19.709,0.055824,2.145,0,426.7,0.9595,10.0,0,0.0,49413.5,1.3,0.081,0.098982,238.8,0.9442,228376,227288,874,856,0,0,19.709,8.393,18,ping_measured,NORMAL
run_20260506_000111,1778022164.0430532,00:02:44,IMS_CDN,1,3,4.072,10.2,0.013638,0.284,0,308.9,0.8658,10.0,0,0.0,14908.3,1.3,0.2685,0.315424,76.0,0.9864,761308,742556,2120,2064,0,0,10.2,8.393,34,ping_measured,NORMAL
run_20260506_000111,1778022164.044236,00:02:44,INTERNET,5,1,4.397,9.001,0.0,3.0532,0,290.0,0.0,0.0,0,0.0,0.0,0.0,0.0,0.009911,0.0,1.0,42656,42852,310,312,0,0,,9.001,2,ctrl_plane_fallback,NORMAL
run_20260506_000111,1778022164.04468,00:02:44,INDOOR_RAN,3,1,3.014,19.709,0.055824,2.145,0,426.7,0.0,0.0,0,0.0,0.0,0.0,0.0,0.099532,0.0,1.0,246426,226210,939,845,0,0,19.709,9.347,4,ping_measured,NORMAL
run_20260506_000111,1778022164.0452414,00:02:44,OUTDOOR_RAN,2,1,4.237,9.033,0.007257,1.0115,0,294.0,0.0,0.0,0,0.0,0.0,0.0,0.0,0.111952,0.0,1.0,334924,323842,922,897,0,0,9.033,9.818,6,ping_measured,NORMAL
run_20260506_000111,1778022166.1036613,00:02:46,INDOOR_RAN,3,1,3.231,19.709,0.045769,2.145,0,421.1,0.0,0.0,0,0.0,0.0,0.0,0.0,0.098791,0.0,1.0,273304,251636,1030,930,0,0,19.709,8.926,4,ping_measured,NORMAL
run_20260506_000111,1778022166.1051838,00:02:46,OUTDOOR_RAN,2,1,4.236,10.399,0.007257,1.334,0,307.6,0.0,0.0,0,0.0,0.0,0.0,0.0,0.116873,0.0,1.0,364676,353936,1006,982,0,0,10.399,9.516,6,ping_measured,NORMAL
run_20260506_000111,1778022166.1067026,00:02:46,INTERNET,1,4,4.398,7.918,0.0,2.6301,0,279.2,0.9953,10.0,0,0.0,426865.6,1.3,0.0094,0.01156,20.8,1.0,46516,47794,344,353,0,0,,7.918,2,ctrl_plane_fallback,NORMAL
run_20260506_000111,1778022166.1067026,00:02:46,OUTDOOR_RAN,1,1,4.236,10.399,0.007257,1.334,0,307.6,0.8995,10.0,0,0.0,19907.7,1.3,0.201,0.22838,49.8,0.9927,627204,619702,1718,1701,0,0,10.399,7.918,6,ping_measured,NORMAL
run_20260506_000111,1778022166.1067026,00:02:46,INDOOR_RAN,1,2,3.231,19.709,0.045769,2.145,0,421.1,0.9579,10.0,0,0.0,47515.8,1.3,0.0842,0.098567,199.7,0.9542,254570,252714,963,941,0,0,19.709,7.918,4,ping_measured,NORMAL
run_20260506_000111,1778022166.1067026,00:02:46,IMS_CDN,1,3,3.952,10.2,0.01808,0.284,0,311.2,0.8623,10.0,0,0.0,14535.2,1.3,0.2753,0.31096,92.5,0.9819,843916,822770,2354,2291,0,0,10.2,7.918,8,ping_measured,NORMAL
run_20260506_000111,1778022166.1087441,00:02:46,IMS_CDN,4,1,3.952,10.2,0.01808,0.284,0,311.2,0.0,0.0,0,0.0,0.0,0.0,0.0,0.291538,0.0,1.0,757658,729518,2165,2087,0,0,10.2,6.492,8,ping_measured,NORMAL
run_20260506_000111,1778022166.109222,00:02:46,INTERNET,5,1,4.398,8.364,0.0,2.9022,0,283.6,0.0,0.0,0,0.0,0.0,0.0,0.0,0.011553,0.0,1.0,45638,45834,331,333,0,0,,8.364,2,ctrl_plane_fallback,NORMAL
run_20260506_000111,1778022168.16764,00:02:48,INTERNET,1,4,4.398,8.883,0.0,2.5261,0,288.8,0.9951,10.0,0,0.0,405928.7,1.3,0.0099,0.010473,22.8,1.0,49214,50492,363,372,0,0,,8.883,2,ctrl_plane_fallback,NORMAL
run_20260506_000111,1778022168.16764,00:02:48,OUTDOOR_RAN,1,1,4.322,10.399,0.003628,1.334,0,305.8,0.897,10.0,0,0.0,19419.7,1.3,0.2061,0.229457,37.3,0.9964,685632,678814,1880,1865,0,0,10.399,8.883,6,ping_measured,NORMAL
run_20260506_000111,1778022168.16764,00:02:48,INDOOR_RAN,1,2,3.073,20.611,0.052646,4.5995,0,433.9,0.9574,10.0,0,0.0,46998.3,1.3,0.0851,0.099628,227.8,0.9474,279152,278380,1048,1028,0,0,20.611,8.883,4,ping_measured,NORMAL
run_20260506_000111,1778022168.16764,00:02:48,IMS_CDN,1,3,4.077,9.538,0.013407,1.1945,0,302.2,0.8595,10.0,0,0.0,14239.0,1.3,0.2811,0.309871,76.0,0.9866,927164,902598,2590,2517,0,0,9.538,8.883,8,ping_measured,NORMAL
run_20260506_000111,1778022168.1690366,00:02:48,INTERNET,5,1,4.397,9.724,0.0,2.8058,0,297.2,0.0,0.0,0,0.0,0.0,0.0,0.0,0.010479,0.0,1.0,48336,48532,350,352,0,0,,9.724,2,ctrl_plane_fallback,NORMAL
run_20260506_000111,1778022168.169893,00:02:48,OUTDOOR_RAN,2,1,4.362,10.399,0.001814,1.334,0,304.9,0.0,0.0,0,0.0,0.0,0.0,0.0,0.113759,0.0,1.0,394378,383296,1087,1062,0,0,10.399,6.356,6,ping_measured,NORMAL
run_20260506_000111,1778022168.170577,00:02:48,IMS_CDN,4,1,4.077,9.538,0.013407,1.1945,0,302.2,0.0,0.0,0,0.0,0.0,0.0,0.0,0.287185,0.0,1.0,835778,803534,2389,2299,0,0,9.538,9.343,8,ping_measured,NORMAL
run_20260506_000111,1778022168.1711082,00:02:48,INDOOR_RAN,3,1,3.073,20.611,0.052646,4.5995,0,433.9,0.0,0.0,0,0.0,0.0,0.0,0.0,0.099315,0.0,1.0,300720,277302,1124,1017,0,0,20.611,5.178,4,ping_measured,NORMAL
run_20260506_000111,1778022170.2303379,00:02:50,INTERNET,5,1,4.398,7.134,0.0,2.7923,0,271.3,0.0,0.0,0,0.0,0.0,0.0,0.0,0.011022,0.0,1.0,51176,51372,370,372,0,0,,7.134,2,ctrl_plane_fallback,NORMAL
run_20260506_000111,1778022170.2318232,00:02:50,INDOOR_RAN,3,1,3.151,20.611,0.049051,4.5995,0,431.9,0.0,0.0,0,0.0,0.0,0.0,0.0,0.098102,0.0,1.0,327642,302572,1215,1102,0,0,20.611,8.832,4,ping_measured,NORMAL
run_20260506_000111,1778022170.2327535,00:02:50,OUTDOOR_RAN,2,1,4.362,10.399,0.001814,1.334,0,304.9,0.0,0.0,0,0.0,0.0,0.0,0.0,0.113861,0.0,1.0,424280,412656,1168,1142,0,0,10.399,7.937,6,ping_measured,NORMAL
run_20260506_000111,1778022170.233435,00:02:50,IMS_CDN,4,1,4.137,9.538,0.011148,1.1945,0,301.0,0.0,0.0,0,0.0,0.0,0.0,0.0,0.288935,0.0,1.0,913360,878038,2610,2511,0,0,9.538,8.47,8,ping_measured,NORMAL
run_20260506_000111,1778022170.233973,00:02:50,INTERNET,1,4,4.399,6.273,0.0,2.5313,0,262.7,0.9951,10.0,0,0.0,404753.2,1.3,0.0099,0.010995,17.5,1.0,51912,53332,382,392,0,0,,6.273,2,ctrl_plane_fallback,NORMAL
run_20260506_000111,1778022170.233973,00:02:50,OUTDOOR_RAN,1,1,4.362,10.399,0.001814,1.334,0,304.9,0.8951,10.0,0,0.0,19073.0,1.3,0.2098,0.226016,24.8,0.9982,744752,737192,2040,2024,0,0,10.399,6.273,6,ping_measured,NORMAL
run_20260506_000111,1778022170.233973,00:02:50,INDOOR_RAN,1,2,3.151,20.611,0.049051,4.5995,0,431.9,0.9566,10.0,0,0.0,46081.1,1.3,0.0868,0.097835,208.9,0.9509,304906,303650,1135,1113,0,0,20.611,6.273,4,ping_measured,NORMAL
run_20260506_000111,1778022170.233973,00:02:50,IMS_CDN,1,3,4.137,9.538,0.011148,1.1945,0,301.0,0.8577,10.0,0,0.0,14063.8,1.3,0.2845,0.311532,61.9,0.9889,1010024,983064,2820,2740,0,0,9.538,6.273,8,ping_measured,NORMAL
run_20260506_000111,1778022172.3042576,00:02:52,INDOOR_RAN,3,1,3.039,20.611,0.054287,4.5995,0,434.8,0.0,0.0,0,0.0,0.0,0.0,0.0,0.101732,0.0,1.0,354862,328926,1307,1189,0,0,20.611,6.447,4,ping_measured,NORMAL
run_20260506_000111,1778022172.3057377,00:02:52,OUTDOOR_RAN,2,1,4.391,9.142,0.000454,0.7975,0,291.6,0.0,0.0,0,0.0,0.0,0.0,0.0,0.11559,0.0,1.0,454374,442608,1253,1226,0,0,9.142,7.325,6,ping_measured,NORMAL
run_20260506_000111,1778022172.3075855,00:02:52,IMS_CDN,4,1,4.108,9.538,0.01227,1.1945,0,301.6,0.0,0.0,0,0.0,0.0,0.0,0.0,0.290964,0.0,1.0,992218,953476,2837,2728,0,0,9.538,7.864,8,ping_measured,NORMAL
run_20260506_000111,1778022172.3089774,00:02:52,INTERNET,5,1,4.399,5.475,0.0,2.7215,0,254.8,0.0,0.0,0,0.0,0.0,0.0,0.0,0.010384,0.0,1.0,53874,54070,389,391,0,0,,5.475,2,ctrl_plane_fallback,NORMAL
run_20260506_000111,1778022172.3100033,00:02:52,INTERNET,1,4,4.398,8.401,0.0,2.5061,0,284.0,0.995,10.0,0,0.0,397959.8,1.3,0.0101,0.010397,21.8,1.0,54468,56030,400,411,0,0,,8.401,2,ctrl_plane_fallback,NORMAL
run_20260506_000111,1778022172.3100033,00:02:52,OUTDOOR_RAN,1,1,4.391,9.142,0.000454,0.7975,0,291.6,0.8943,10.0,0,0.0,18926.5,1.3,0.2114,0.22933,23.6,0.9995,804206,796704,2205,2188,0,0,9.142,8.401,6,ping_measured,NORMAL
run_20260506_000111,1778022172.3100033,00:02:52,INDOOR_RAN,1,2,3.039,20.611,0.054287,4.5995,0,434.8,0.9566,10.0,0,0.0,46088.5,1.3,0.0868,0.101555,233.1,0.9457,329150,330004,1217,1200,0,0,20.611,8.401,4,ping_measured,NORMAL
run_20260506_000111,1778022172.3100033,00:02:52,IMS_CDN,1,3,4.108,9.538,0.01227,1.1945,0,301.6,0.8567,10.0,0,0.0,13962.6,1.3,0.2867,0.311587,70.6,0.9877,1093618,1063922,3055,2967,0,0,9.538,8.401,8,ping_measured,NORMAL
run_20260506_000111,1778022174.3545485,00:02:54,INTERNET,5,1,4.394,15.302,0.0,3.1656,0,353.0,0.0,0.0,0,0.0,0.0,0.0,0.0,0.009996,0.0,1.0,56430,56626,407,409,0,0,,15.302,2,ctrl_plane_fallback,NORMAL
run_20260506_000111,1778022174.3562443,00:02:54,INDOOR_RAN,3,1,3.398,18.259,0.038638,3.7285,0,402.7,0.0,0.0,0,0.0,0.0,0.0,0.0,0.100671,0.0,1.0,382078,354748,1401,1276,0,0,18.259,11.193,4,ping_measured,NORMAL
run_20260506_000111,1778022174.3574517,00:02:54,INTERNET,1,4,4.394,16.614,0.0,2.8628,0,366.1,0.995,10.0,0,0.0,400049.4,1.3,0.01,0.009987,38.2,1.0,57024,58586,418,429,0,0,,16.614,2,ctrl_plane_fallback,NORMAL
run_20260506_000111,1778022174.3574517,00:02:54,OUTDOOR_RAN,1,1,4.391,9.142,0.000454,0.7975,0,291.6,0.8943,10.0,0,0.0,18926.5,1.3,0.2114,0.226178,23.6,0.9995,861950,854590,2365,2349,0,0,9.142,8.401,6,ping_measured,NORMAL
run_20260506_000111,1778022174.3574517,00:02:54,INDOOR_RAN,1,2,3.398,18.259,0.038638,3.7285,0,402.7,0.9552,10.0,0,0.0,44662.4,1.3,0.0896,0.102231,189.8,0.9614,354514,356168,1305,1288,0,0,18.259,16.614,4,ping_measured,NORMAL
run_20260506_000111,1778022174.3574517,00:02:54,IMS_CDN,1,3,4.264,9.033,0.006135,1.329,0,293.4,0.8549,10.0,0,0.0,13802.1,1.3,0.2902,0.308841,62.7,0.9939,1175738,1142964,3289,3192,0,0,9.033,16.614,8,ping_measured,NORMAL
run_20260506_000111,1778022174.3592842,00:02:54,OUTDOOR_RAN,2,1,4.33,9.142,0.003352,0.7975,0,293.1,0.0,0.0,0,0.0,0.0,0.0,0.0,0.108269,0.0,1.0,483734,470400,1333,1302,0,0,9.142,12.91,6,ping_measured,NORMAL
run_20260506_000111,1778022174.3603528,00:02:54,IMS_CDN,4,1,4.264,9.033,0.006135,1.329,0,293.4,0.0,0.0,0,0.0,0.0,0.0,0.0,0.28539,0.0,1.0,1069210,1026706,3059,2939,0,0,9.033,14.45,8,ping_measured,NORMAL
run_20260506_000111,1778022176.417883,00:02:56,INTERNET,5,1,4.398,6.513,0.0,3.5171,0,265.1,0.0,0.0,0,0.0,0.0,0.0,0.0,0.010461,0.0,1.0,59128,59324,426,428,0,0,,6.513,2,ctrl_plane_fallback,NORMAL
run_20260506_000111,1778022176.4193184,00:02:56,IMS_CDN,4,1,4.174,9.033,0.009734,1.329,0,295.2,0.0,0.0,0,0.0,0.0,0.0,0.0,0.290033,0.0,1.0,1146250,1101352,3279,3152,0,0,9.033,11.569,8,ping_measured,NORMAL
run_20260506_000111,1778022176.4205382,00:02:56,INTERNET,1,4,4.397,9.681,0.0,3.1171,0,296.8,0.9951,10.0,0,0.0,406277.5,1.3,0.0098,0.010462,24.4,1.0,59722,61284,437,448,0,0,,9.681,2,ctrl_plane_fallback,NORMAL
run_20260506_000111,1778022176.4205382,00:02:56,OUTDOOR_RAN,1,1,4.33,9.142,0.003352,0.7975,0,293.1,0.8934,10.0,0,0.0,18776.1,1.3,0.2131,0.222168,37.7,0.9966,919644,911884,2522,2506,0,0,9.142,9.681,6,ping_measured,NORMAL
run_20260506_000111,1778022176.4205382,00:02:56,INDOOR_RAN,1,2,3.454,18.259,0.036364,3.7285,0,401.5,0.9545,10.0,0,0.0,43994.5,1.3,0.0909,0.100641,167.2,0.9636,380668,382122,1392,1375,0,0,18.259,9.681,4,ping_measured,NORMAL
run_20260506_000111,1778022176.4205382,00:02:56,IMS_CDN,1,3,4.174,9.033,0.009734,1.329,0,295.2,0.8552,10.0,0,0.0,13824.7,1.3,0.2895,0.309145,63.1,0.9903,1257314,1222688,3517,3414,0,0,9.033,9.681,8,ping_measured,NORMAL
run_20260506_000111,1778022176.4212751,00:02:56,OUTDOOR_RAN,2,1,4.366,9.142,0.001676,0.7975,0,292.3,0.0,0.0,0,0.0,0.0,0.0,0.0,0.111031,0.0,1.0,513094,499018,1413,1381,0,0,9.142,11.033,6,ping_measured,NORMAL
run_20260506_000111,1778022176.421823,00:02:56,INDOOR_RAN,3,1,3.454,18.259,0.036364,3.7285,0,401.5,0.0,0.0,0,0.0,0.0,0.0,0.0,0.101845,0.0,1.0,408858,381044,1491,1364,0,0,18.259,7.837,4,ping_measured,NORMAL
run_20260506_000111,1778022178.482174,00:02:58,OUTDOOR_RAN,2,1,4.365,9.582,0.001676,0.931,0,296.7,0.0,0.0,0,0.0,0.0,0.0,0.0,0.114164,0.0,1.0,543730,528428,1499,1464,0,0,9.582,9.984,6,ping_measured,NORMAL
run_20260506_000111,1778022178.4837463,00:02:58,INDOOR_RAN,3,1,3.625,18.259,0.029676,3.7285,0,397.9,0.0,0.0,0,0.0,0.0,0.0,0.0,0.098425,0.0,1.0,436318,406412,1585,1450,0,0,18.259,10.398,4,ping_measured,NORMAL
run_20260506_000111,1778022178.4850352,00:02:58,IMS_CDN,4,1,4.066,9.033,0.013836,1.329,0,297.3,0.0,0.0,0,0.0,0.0,0.0,0.0,0.288558,0.0,1.0,1225206,1175862,3507,3367,0,0,9.033,8.586,8,ping_measured,NORMAL
run_20260506_000111,1778022178.4864702,00:02:58,INTERNET,5,1,4.398,7.329,0.0,3.3482,0,273.3,0.0,0.0,0,0.0,0.0,0.0,0.0,0.010434,0.0,1.0,61826,62022,445,447,0,0,,7.329,2,ctrl_plane_fallback,NORMAL
run_20260506_000111,1778022178.4879062,00:02:58,INTERNET,1,4,4.397,9.463,0.0,2.9359,0,294.6,0.9951,10.0,0,0.0,405127.1,1.3,0.0099,0.01044,23.9,1.0,62420,63982,456,467,0,0,,9.463,2,ctrl_plane_fallback,NORMAL
run_20260506_000111,1778022178.4879062,00:02:58,OUTDOOR_RAN,1,1,4.365,9.582,0.001676,0.931,0,296.7,0.8937,10.0,0,0.0,18818.4,1.3,0.2127,0.23084,30.6,0.9983,978472,971538,2684,2671,0,0,9.582,9.463,6,ping_measured,NORMAL
run_20260506_000111,1778022178.4879062,00:02:58,INDOOR_RAN,1,2,3.625,18.259,0.029676,3.7285,0,397.9,0.954,10.0,0,0.0,43520.0,1.3,0.0919,0.098165,140.9,0.9703,406276,407490,1480,1461,0,0,18.259,9.463,4,ping_measured,NORMAL
run_20260506_000111,1778022178.4879062,00:02:58,IMS_CDN,1,3,4.066,9.033,0.013836,1.329,0,297.3,0.8556,10.0,0,0.0,13863.4,1.3,0.2887,0.312722,78.9,0.9862,1341348,1303502,3754,3641,0,0,9.033,9.463,8,ping_measured,NORMAL
run_20260506_000111,1778022180.5487092,00:03:00,INTERNET,5,1,4.397,10.143,0.0,3.3148,0,301.4,0.0,0.0,0,0.0,0.0,0.0,0.0,0.011017,0.0,1.0,64666,64862,465,467,0,0,,10.143,2,ctrl_plane_fallback,NORMAL
run_20260506_000111,1778022180.5502894,00:03:00,IMS_CDN,4,1,4.014,9.797,0.015767,0.9325,0,306.0,0.0,0.0,0,0.0,0.0,0.0,0.0,0.286709,0.0,1.0,1302984,1249878,3730,3579,0,0,9.797,8.791,8,ping_measured,NORMAL
run_20260506_000111,1778022180.5515585,00:03:00,INTERNET,1,4,4.396,11.735,0.0,2.8944,0,317.4,0.9951,10.0,0,0.0,404584.5,1.3,0.0099,0.01101,28.5,1.0,65260,66822,476,487,0,0,,11.735,2,ctrl_plane_fallback,NORMAL
run_20260506_000111,1778022180.5515585,00:03:00,OUTDOOR_RAN,1,1,4.318,9.582,0.003868,0.931,0,297.8,0.893,10.0,0,0.0,18696.9,1.3,0.2141,0.228604,43.9,0.9961,1037584,1030508,2848,2834,0,0,9.582,11.735,6,ping_measured,NORMAL
run_20260506_000111,1778022180.5515585,00:03:00,INDOOR_RAN,1,2,3.562,21.953,0.03208,2.1855,0,436.1,0.9544,10.0,0,0.0,43836.6,1.3,0.0913,0.098722,154.7,0.9679,431742,432956,1567,1548,0,0,21.953,11.735,4,ping_measured,NORMAL
run_20260506_000111,1778022180.5515585,00:03:00,IMS_CDN,1,3,4.014,9.797,0.015767,0.9325,0,306.0,0.8553,10.0,0,0.0,13831.9,1.3,0.2894,0.309463,91.0,0.9842,1424112,1383330,3988,3867,0,0,9.797,11.735,8,ping_measured,NORMAL
run_20260506_000111,1778022180.5521398,00:03:00,OUTDOOR_RAN,2,1,4.291,9.582,0.005002,0.931,0,298.3,0.0,0.0,0,0.0,0.0,0.0,0.0,0.115565,0.0,1.0,573090,558330,1579,1545,0,0,9.582,6.215,6,ping_measured,NORMAL
run_20260506_000111,1778022180.552588,00:03:00,INDOOR_RAN,3,1,3.562,21.953,0.03208,2.1855,0,436.1,0.0,0.0,0,0.0,0.0,0.0,0.0,0.098474,0.0,1.0,463294,431878,1677,1537,0,0,21.953,7.396,4,ping_measured,NORMAL
run_20260506_000111,1778022182.6116712,00:03:02,OUTDOOR_RAN,2,1,4.291,9.582,0.005002,0.931,0,298.3,0.0,0.0,0,0.0,0.0,0.0,0.0,0.112717,0.0,1.0,602792,587348,1660,1624,0,0,9.582,8.353,6,ping_measured,NORMAL
run_20260506_000111,1778022182.6131113,00:03:02,IMS_CDN,4,1,3.929,9.797,0.018897,0.9325,0,307.6,0.0,0.0,0,0.0,0.0,0.0,0.0,0.292919,0.0,1.0,1380908,1325408,3952,3794,0,0,9.797,7.106,8,ping_measured,NORMAL
run_20260506_000111,1778022182.6143322,00:03:02,INTERNET,1,4,4.398,7.901,0.0,2.9531,0,279.0,0.995,10.0,0,0.0,397672.4,1.3,0.0101,0.010464,20.8,1.0,67816,69520,494,506,0,0,,7.901,2,ctrl_plane_fallback,NORMAL
run_20260506_000111,1778022182.6143322,00:03:02,OUTDOOR_RAN,1,1,4.291,9.582,0.005002,0.931,0,298.3,0.8927,10.0,0,0.0,18655.3,1.3,0.2145,0.22563,40.8,0.995,1095420,1088686,3006,2993,0,0,9.582,7.901,6,ping_measured,NORMAL
run_20260506_000111,1778022182.6143322,00:03:02,INDOOR_RAN,1,2,3.381,21.953,0.039296,2.1855,0,440.0,0.9548,10.0,0,0.0,44233.9,1.3,0.0904,0.089945,174.9,0.9607,456670,456148,1651,1624,0,0,21.953,7.901,4,ping_measured,NORMAL
run_20260506_000111,1778022182.6143322,00:03:02,IMS_CDN,1,3,3.929,9.797,0.018897,0.9325,0,307.6,0.8558,10.0,0,0.0,13873.3,1.3,0.2885,0.311844,95.7,0.9811,1506572,1463738,4218,4091,0,0,9.797,7.901,8,ping_measured,NORMAL
run_20260506_000111,1778022182.6148684,00:03:02,INDOOR_RAN,3,1,3.381,21.953,0.039296,2.1855,0,440.0,0.0,0.0,0,0.0,0.0,0.0,0.0,0.089966,0.0,1.0,490416,455070,1768,1613,0,0,21.953,8.727,4,ping_measured,NORMAL
run_20260506_000111,1778022182.6153436,00:03:02,INTERNET,5,1,4.399,5.919,0.0,3.3716,0,259.2,0.0,0.0,0,0.0,0.0,0.0,0.0,0.010444,0.0,1.0,67364,67560,484,486,0,0,,5.919,2,ctrl_plane_fallback,NORMAL
run_20260506_000111,1778022184.6769223,00:03:04,INTERNET,5,1,4.398,7.609,0.0,3.2665,0,276.1,0.0,0.0,0,0.0,0.0,0.0,0.0,0.011021,0.0,1.0,70062,70400,503,506,0,0,,7.609,2,ctrl_plane_fallback,NORMAL
run_20260506_000111,1778022184.678288,00:03:04,IMS_CDN,4,1,4.181,9.797,0.009448,0.9325,0,302.7,0.0,0.0,0,0.0,0.0,0.0,0.0,0.286519,0.0,1.0,1458634,1399372,4179,4010,0,0,9.797,6.133,8,ping_measured,NORMAL
run_20260506_000111,1778022184.679756,00:03:04,INDOOR_RAN,3,1,2.336,21.953,0.09757,2.1855,0,473.6,0.0,0.0,0,0.0,0.0,0.0,0.0,0.100763,0.0,1.0,517632,481078,1862,1701,0,0,21.953,7.136,4,ping_measured,NORMAL
run_20260506_000111,1778022184.6801882,00:03:04,INTERNET,1,4,4.399,6.784,0.0,2.8384,0,267.8,0.995,10.0,0,0.0,399074.9,1.3,0.01,0.010998,18.6,1.0,70514,72360,513,526,0,0,,6.784,2,ctrl_plane_fallback,NORMAL
run_20260506_000111,1778022184.6801882,00:03:04,OUTDOOR_RAN,1,1,4.348,10.582,0.002501,0.408,0,307.1,0.8927,10.0,0,0.0,18639.5,1.3,0.2147,0.217316,28.6,0.9975,1152964,1144804,3166,3150,0,0,10.582,6.784,6,ping_measured,NORMAL
run_20260506_000111,1778022184.6801882,00:03:04,INDOOR_RAN,1,2,2.336,21.953,0.09757,2.1855,0,473.6,0.9587,10.0,0,0.0,48430.6,1.3,0.0826,0.100716,389.8,0.9024,481692,482156,1738,1712,0,0,21.953,6.784,4,ping_measured,NORMAL
run_20260506_000111,1778022184.6801882,00:03:04,IMS_CDN,1,3,4.181,9.797,0.009448,0.9325,0,302.7,0.854,10.0,0,0.0,13709.0,1.3,0.2919,0.307413,56.2,0.9906,1587266,1543122,4449,4317,0,0,9.797,6.784,8,ping_measured,NORMAL
run_20260506_000111,1778022184.6807902,00:03:04,OUTDOOR_RAN,2,1,4.305,10.582,0.004435,0.408,0,308.0,0.0,0.0,0,0.0,0.0,0.0,0.0,0.111615,0.0,1.0,632544,616216,1744,1706,0,0,10.582,4.894,6,ping_measured,NORMAL
run_20260506_000111,1778022186.7400794,00:03:06,INTERNET,5,1,4.399,5.539,0.0,3.1918,0,255.4,0.0,0.0,0,0.0,0.0,0.0,0.0,0.010462,0.0,1.0,72902,73098,523,525,0,0,,5.539,2,ctrl_plane_fallback,NORMAL
run_20260506_000111,1778022186.741281,00:03:06,INDOOR_RAN,3,1,2.72,21.959,0.071512,1.61,0,458.1,0.0,0.0,0,0.0,0.0,0.0,0.0,0.096946,0.0,1.0,544852,506060,1954,1786,0,0,21.959,7.692,4,ping_measured,NORMAL
run_20260506_000111,1778022186.7422018,00:03:06,IMS_CDN,4,1,4.298,9.492,0.004724,0.8205,0,297.3,0.0,0.0,0,0.0,0.0,0.0,0.0,0.295245,0.0,1.0,1537198,1475542,4403,4227,0,0,9.492,7.047,8,ping_measured,NORMAL
run_20260506_000111,1778022186.7429645,00:03:06,OUTDOOR_RAN,2,1,4.305,10.582,0.004435,0.408,0,308.0,0.0,0.0,0,0.0,0.0,0.0,0.0,0.116002,0.0,1.0,662446,646118,1825,1787,0,0,10.582,8.902,6,ping_measured,NORMAL
run_20260506_000111,1778022186.7434063,00:03:06,INTERNET,1,4,4.398,8.208,0.0,2.75,0,282.1,0.9949,10.0,0,0.0,394066.8,1.3,0.0102,0.010461,21.4,1.0,73212,75058,532,545,0,0,,8.208,2,ctrl_plane_fallback,NORMAL
run_20260506_000111,1778022186.7434063,00:03:06,OUTDOOR_RAN,1,1,4.305,10.582,0.004435,0.408,0,308.0,0.8942,10.0,0,0.0,18908.0,1.3,0.2116,0.232631,39.1,0.9956,1211934,1204800,3329,3316,0,0,10.582,8.208,6,ping_measured,NORMAL
run_20260506_000111,1778022186.7434063,00:03:06,INDOOR_RAN,1,2,2.72,21.959,0.071512,1.61,0,458.1,0.9569,10.0,0,0.0,46442.2,1.3,0.0861,0.096866,297.2,0.9285,507402,507138,1825,1797,0,0,21.959,8.208,4,ping_measured,NORMAL
run_20260506_000111,1778022186.7434063,00:03:06,IMS_CDN,1,3,4.298,9.492,0.004724,0.8205,0,297.3,0.8537,10.0,0,0.0,13682.5,1.3,0.2925,0.31788,40.3,0.9953,1671300,1625104,4686,4548,0,0,9.492,8.208,8,ping_measured,NORMAL
run_20260506_000111,1778022188.8014472,00:03:08,OUTDOOR_RAN,2,1,4.354,10.582,0.002218,0.408,0,306.9,0.0,0.0,0,0.0,0.0,0.0,0.0,0.115433,0.0,1.0,692148,675820,1906,1868,0,0,10.582,7.187,6,ping_measured,NORMAL
run_20260506_000111,1778022188.8029106,00:03:08,INTERNET,5,1,4.399,4.932,0.0,3.0302,0,249.3,0.0,0.0,0,0.0,0.0,0.0,0.0,0.009362,0.0,1.0,75316,75512,540,542,0,0,,4.932,2,ctrl_plane_fallback,NORMAL
run_20260506_000111,1778022188.8038223,00:03:08,INTERNET,1,4,4.398,7.662,0.0,2.6123,0,276.6,0.995,10.0,0,0.0,396560.5,1.3,0.0101,0.009373,20.3,1.0,75484,77472,548,562,0,0,,7.662,2,ctrl_plane_fallback,NORMAL
run_20260506_000111,1778022188.8038223,00:03:08,OUTDOOR_RAN,1,1,4.354,10.582,0.002218,0.408,0,306.9,0.8927,10.0,0,0.0,18644.2,1.3,0.2146,0.229321,29.2,0.9978,1270312,1263862,3488,3477,0,0,10.582,7.662,6,ping_measured,NORMAL
run_20260506_000111,1778022188.8038223,00:03:08,INDOOR_RAN,1,2,2.727,21.959,0.07105,1.61,0,457.8,0.957,10.0,0,0.0,46532.3,1.3,0.086,0.095585,294.4,0.9289,531504,531756,1906,1876,0,0,21.959,7.662,4,ping_measured,NORMAL
run_20260506_000111,1778022188.8038223,00:03:08,IMS_CDN,1,3,4.351,9.492,0.002362,0.8205,0,296.1,0.8522,10.0,0,0.0,13538.0,1.3,0.2956,0.306338,29.8,0.9976,1754302,1704002,4917,4767,0,0,9.492,7.662,8,ping_measured,NORMAL
run_20260506_000111,1778022188.8044,00:03:08,IMS_CDN,4,1,4.351,9.492,0.002362,0.8205,0,296.1,0.0,0.0,0,0.0,0.0,0.0,0.0,0.285047,0.0,1.0,1614438,1549020,4623,4436,0,0,9.492,6.741,8,ping_measured,NORMAL
run_20260506_000111,1778022188.8048418,00:03:08,INDOOR_RAN,3,1,2.727,21.959,0.07105,1.61,0,457.8,0.0,0.0,0,0.0,0.0,0.0,0.0,0.095439,0.0,1.0,571774,530678,2045,1865,0,0,21.959,5.867,4,ping_measured,NORMAL
run_20260506_000111,1778022190.8652995,00:03:10,INDOOR_RAN,3,1,2.481,21.959,0.086807,1.61,0,467.1,0.0,0.0,0,0.0,0.0,0.0,0.0,0.100257,0.0,1.0,599288,556500,2140,1952,0,0,21.959,7.902,4,ping_measured,NORMAL
run_20260506_000111,1778022190.8667712,00:03:10,OUTDOOR_RAN,2,1,4.378,9.439,0.001109,0.4345,0,294.9,0.0,0.0,0,0.0,0.0,0.0,0.0,0.113919,0.0,1.0,721900,705230,1990,1951,0,0,9.439,5.403,6,ping_measured,NORMAL
run_20260506_000111,1778022190.8684704,00:03:10,IMS_CDN,4,1,4.274,9.492,0.005727,0.8205,0,297.8,0.0,0.0,0,0.0,0.0,0.0,0.0,0.29275,0.0,1.0,1693048,1624552,4852,4656,0,0,9.492,7.463,8,ping_measured,NORMAL
run_20260506_000111,1778022190.8697739,00:03:10,INTERNET,1,4,4.399,7.02,0.0,2.4891,0,270.2,0.9951,10.0,0,0.0,411015.7,1.3,0.0097,0.009898,19.0,1.0,77756,80028,564,580,0,0,,7.02,2,ctrl_plane_fallback,NORMAL
run_20260506_000111,1778022190.8697739,00:03:10,OUTDOOR_RAN,1,1,4.378,9.439,0.001109,0.4345,0,294.9,0.8922,10.0,0,0.0,18551.8,1.3,0.2157,0.226251,23.5,0.9989,1329082,1322290,3651,3639,0,0,9.439,7.02,6,ping_measured,NORMAL
run_20260506_000111,1778022190.8697739,00:03:10,INDOOR_RAN,1,2,2.481,21.959,0.086807,1.61,0,467.1,0.958,10.0,0,0.0,47603.8,1.3,0.084,0.099991,351.2,0.9132,556726,557578,1993,1963,0,0,21.959,7.02,4,ping_measured,NORMAL
run_20260506_000111,1778022190.8697739,00:03:10,IMS_CDN,1,3,4.274,9.492,0.005727,0.8205,0,297.8,0.8535,10.0,0,0.0,13656.5,1.3,0.2931,0.313471,41.9,0.9943,1836622,1784954,5151,4997,0,0,9.492,7.02,8,ping_measured,NORMAL
run_20260506_000111,1778022190.870974,00:03:10,INTERNET,5,1,4.399,6.327,0.0,2.928,0,263.3,0.0,0.0,0,0.0,0.0,0.0,0.0,0.009888,0.0,1.0,77872,78068,558,560,0,0,,6.327,2,ctrl_plane_fallback,NORMAL
run_20260506_000111,1778022192.927671,00:03:12,IMS_CDN,4,1,4.182,8.993,0.009442,1.103,0,294.7,0.0,0.0,0,0.0,0.0,0.0,0.0,0.285462,0.0,1.0,1770630,1698030,5073,4865,0,0,8.993,10.218,8,ping_measured,NORMAL
run_20260506_000111,1778022192.929717,00:03:12,INTERNET,5,1,4.395,12.653,0.0,3.1404,0,326.5,0.0,0.0,0,0.0,0.0,0.0,0.0,0.009932,0.0,1.0,80428,80624,576,578,0,0,,12.653,2,ctrl_plane_fallback,NORMAL
run_20260506_000111,1778022192.93072,00:03:12,INTERNET,1,4,4.397,11.477,0.0,2.6121,0,314.8,0.9952,10.0,0,0.0,415231.9,1.3,0.0096,0.009922,28.0,1.0,80312,82584,582,598,0,0,,11.477,2,ctrl_plane_fallback,NORMAL
run_20260506_000111,1778022192.93072,00:03:12,OUTDOOR_RAN,1,1,4.389,9.439,0.000554,0.4345,0,294.7,0.8922,10.0,0,0.0,18571.7,1.3,0.2155,0.225644,30.2,0.9994,1387510,1380420,3813,3800,0,0,9.439,11.477,6,ping_measured,NORMAL
run_20260506_000111,1778022192.93072,00:03:12,INDOOR_RAN,1,2,3.157,21.19,0.049151,0.7385,0,437.7,0.9558,10.0,0,0.0,45285.9,1.3,0.0884,0.101522,219.7,0.9508,581654,583732,2077,2050,0,0,21.19,11.477,4,ping_measured,NORMAL
run_20260506_000111,1778022192.93072,00:03:12,IMS_CDN,1,3,4.182,8.993,0.009442,1.103,0,294.7,0.8536,10.0,0,0.0,13669.7,1.3,0.2929,0.307781,65.5,0.9906,1919816,1864244,5386,5220,0,0,8.993,11.477,8,ping_measured,NORMAL
run_20260506_000111,1778022192.9313703,00:03:12,OUTDOOR_RAN,2,1,4.257,9.439,0.006488,0.4345,0,297.7,0.0,0.0,0,0.0,0.0,0.0,0.0,0.11034,0.0,1.0,751602,733706,2071,2029,0,0,9.439,8.982,6,ping_measured,NORMAL
run_20260506_000111,1778022192.931946,00:03:12,INDOOR_RAN,3,1,3.157,21.19,0.049151,0.7385,0,437.7,0.0,0.0,0,0.0,0.0,0.0,0.0,0.099918,0.0,1.0,626068,582312,2230,2038,0,0,21.19,7.25,4,ping_measured,NORMAL
run_20260506_000111,1778022194.992006,00:03:14,OUTDOOR_RAN,2,1,4.257,9.439,0.006488,0.4345,0,297.7,0.0,0.0,0,0.0,0.0,0.0,0.0,0.111104,0.0,1.0,781504,762324,2152,2108,0,0,9.439,8.377,6,ping_measured,NORMAL
run_20260506_000111,1778022194.9937909,00:03:14,IMS_CDN,4,1,4.131,8.993,0.011388,1.103,0,295.7,0.0,0.0,0,0.0,0.0,0.0,0.0,0.28638,0.0,1.0,1847670,1771992,5293,5076,0,0,8.993,6.023,8,ping_measured,NORMAL
run_20260506_000111,1778022194.9952133,00:03:14,INDOOR_RAN,3,1,3.465,21.19,0.03607,0.7385,0,430.6,0.0,0.0,0,0.0,0.0,0.0,0.0,0.100858,0.0,1.0,652990,608324,2321,2124,0,0,21.19,8.816,4,ping_measured,NORMAL
run_20260506_000111,1778022194.9964995,00:03:14,INTERNET,1,4,4.398,7.802,0.0,2.6785,0,278.0,0.9952,10.0,0,0.0,417929.2,1.3,0.0096,0.010448,20.6,1.0,82868,85282,600,617,0,0,,7.802,2,ctrl_plane_fallback,NORMAL
run_20260506_000111,1778022194.9964995,00:03:14,OUTDOOR_RAN,1,1,4.257,9.439,0.006488,0.4345,0,297.7,0.8931,10.0,0,0.0,18712.0,1.3,0.2139,0.223203,46.5,0.9935,1445204,1438056,3970,3958,0,0,9.439,7.802,6,ping_measured,NORMAL
run_20260506_000111,1778022194.9964995,00:03:14,INDOOR_RAN,1,2,3.465,21.19,0.03607,0.7385,0,430.6,0.9547,10.0,0,0.0,44164.7,1.3,0.0906,0.09941,162.3,0.9639,607066,609402,2163,2135,0,0,21.19,7.802,4,ping_measured,NORMAL
run_20260506_000111,1778022194.9964995,00:03:14,IMS_CDN,1,3,4.131,8.993,0.011388,1.103,0,295.7,0.8543,10.0,0,0.0,13738.4,1.3,0.2913,0.309516,65.9,0.9886,2001934,1944168,5615,5442,0,0,8.993,7.802,8,ping_measured,NORMAL
run_20260506_000111,1778022194.9973855,00:03:14,INTERNET,5,1,4.398,7.017,0.0,3.2964,0,270.2,0.0,0.0,0,0.0,0.0,0.0,0.0,0.010439,0.0,1.0,83126,83322,595,597,0,0,,7.017,2,ctrl_plane_fallback,NORMAL
run_20260506_000111,1778022197.0546634,00:03:17,INTERNET,1,4,4.397,11.11,0.0,2.7179,0,311.1,0.9952,10.0,0,0.0,413340.8,1.3,0.0097,0.011039,27.2,1.0,85708,88122,620,637,0,0,,11.11,2,ctrl_plane_fallback,NORMAL
run_20260506_000111,1778022197.0546634,00:03:17,OUTDOOR_RAN,1,1,4.257,9.632,0.006409,1.4805,0,299.5,0.8935,10.0,0,0.0,18797.8,1.3,0.2129,0.230147,52.8,0.9936,1502362,1497266,4129,4123,0,0,9.632,11.11,6,ping_measured,NORMAL
run_20260506_000111,1778022197.0546634,00:03:17,INDOOR_RAN,1,2,3.476,18.808,0.035682,1.109,0,406.6,0.9546,10.0,0,0.0,44085.0,1.3,0.0908,0.098418,167.4,0.9643,632386,634722,2251,2223,0,0,18.808,11.11,4,ping_measured,NORMAL
run_20260506_000111,1778022197.0546634,00:03:17,IMS_CDN,1,3,4.275,8.993,0.005694,1.103,0,292.8,0.8536,10.0,0,0.0,13671.9,1.3,0.2928,0.306114,49.9,0.9943,2085818,2022922,5855,5667,0,0,8.993,11.11,8,ping_measured,NORMAL
run_20260506_000111,1778022197.0561526,00:03:17,OUTDOOR_RAN,2,1,4.332,9.632,0.003204,1.4805,0,297.9,0.0,0.0,0,0.0,0.0,0.0,0.0,0.113984,0.0,1.0,811598,791734,2237,2191,0,0,9.632,7.116,6,ping_measured,NORMAL
run_20260506_000111,1778022197.0575407,00:03:17,INDOOR_RAN,3,1,3.476,18.808,0.035682,1.109,0,406.6,0.0,0.0,0,0.0,0.0,0.0,0.0,0.098219,0.0,1.0,680504,633644,2416,2212,0,0,18.808,9.906,4,ping_measured,NORMAL
run_20260506_000111,1778022197.0585022,00:03:17,IMS_CDN,4,1,4.275,8.993,0.005694,1.103,0,292.8,0.0,0.0,0,0.0,0.0,0.0,0.0,0.283763,0.0,1.0,1926378,1845228,5523,5290,0,0,8.993,8.602,8,ping_measured,NORMAL
run_20260506_000111,1778022197.0598078,00:03:17,INTERNET,5,1,4.395,12.334,0.0,3.4227,0,323.3,0.0,0.0,0,0.0,0.0,0.0,0.0,0.011016,0.0,1.0,85966,86162,615,617,0,0,,12.334,2,ctrl_plane_fallback,NORMAL
